{
  "intrinsic_value_pt": 1902498978075.149,
  "intrinsic_value_per_share": 76.28303841520244,
  "v0": 592123338668.1699,
  "alpha": 2.2130112998996694,
  "future_values": {
    "1年後": 114.42,
    "2年後": 171.64,
    "3年後": 257.46
  },
  "upside_percent": -58.1,
  "calculation_date": "2026-04-09",
  "formula": "Koichi式 v5.1 Phase 4（将来価値予測版）",
  "calculation_steps": {
    "step1": {
      "title": "FCF 5年平均算出",
      "description": "過去5年のFCF（営業CF - 設備投資）を平均化",
      "formula": "Σ(FCF_t) / n",
      "inputs": {
        "fcf_list": [
          4761000000,
          5822000000,
          9108000000,
          5641000000,
          28090000000
        ],
        "years": 5
      },
      "result": 10684400000.0,
      "detail": {
        "input": [
          4761000000,
          5822000000,
          9108000000,
          5641000000,
          28090000000
        ],
        "sum": 53422000000,
        "count": 5,
        "result": 10684400000.0
      }
    },
    "step2": {
      "title": "企業別高成長率（CAGR）",
      "description": "直近5年FCFのCAGRを算出し、15%〜50%にクリップ",
      "formula": "(FCF_end / FCF_start)^(1/n) - 1",
      "inputs": {
        "method": "cagr",
        "start_value": 4761000000,
        "end_value": 28090000000,
        "periods": 4,
        "raw_cagr": 0.5585236231438555,
        "clipped_result": 0.5
      },
      "result": 0.5,
      "constraints": {
        "min": 0.15,
        "max": 0.5
      }
    },
    "step3": {
      "title": "2段階DCF計算",
      "description": "高成長期3年 + ターミナル価値のDCF",
      "formula": "PV_high + PV_terminal",
      "inputs": {
        "fcf_base": 10684400000.0,
        "wacc": 0.085,
        "high_growth_rate": 0.5,
        "terminal_growth": 0.03
      },
      "result": {
        "pv_high": 63423428650.11084,
        "pv_terminal": 528699910018.05914,
        "v0": 592123338668.1699
      },
      "detail": {
        "wacc": 0.085,
        "high_growth_years": 3,
        "terminal_growth": 0.03,
        "high_growth_detail": [
          {
            "year": 1,
            "fcf": 16026600000.0,
            "discount_factor": 1.085,
            "pv": 14771059907.834103
          },
          {
            "year": 2,
            "fcf": 24039900000.0,
            "discount_factor": 1.177225,
            "pv": 20420820149.079403
          },
          {
            "year": 3,
            "fcf": 36059850000.0,
            "discount_factor": 1.2772891249999998,
            "pv": 28231548593.197334
          }
        ],
        "pv_high": 63423428650.11084,
        "terminal_fcf": 37141645500.0,
        "terminal_value": 675302645454.5454,
        "pv_terminal": 528699910018.05914
      }
    },
    "step4": {
      "title": "α 成長期待プレミアム",
      "description": "α = max(0, (g_individual / WACC) × 0.7)",
      "formula": "max(0, (ROE × 内部留保率 / WACC) × 0.7)",
      "inputs": {
        "roe_10yr_avg": 0.4478713345035046,
        "retention_rate": 0.6,
        "g_individual": 0.26872280070210275,
        "wacc": 0.085,
        "alpha_raw": 2.2130112998996694,
        "alpha_clipped": 2.2130112998996694
      },
      "result": 2.2130112998996694
    },
    "step5": {
      "title": "本質的価値（P_t）算出",
      "description": "P_t = V_0 × (1 + α)",
      "formula": "V_0 × (1 + α)",
      "inputs": {
        "v0": 592123338668.1699,
        "alpha": 2.2130112998996694,
        "formula": "V_0 × (1 + α)",
        "intrinsic_value_pt": 1902498978075.149,
        "diluted_shares": 24940000000,
        "intrinsic_value_per_share": 76.28303841520244
      },
      "result": 76.28303841520244
    }
  },
  "components": {
    "fcf_5yr_avg": 10684400000.0,
    "diluted_shares": 24940000000,
    "roe_10yr_avg": 0.4478713345035046,
    "current_price": 182.08,
    "fcf_list_raw": [
      4761000000,
      5822000000,
      9108000000,
      5641000000,
      28090000000
    ],
    "latest_revenue": 0.0,
    "eps_data": {
      "ticker": "NVDA"
    },
    "high_growth_rate_used": 0.5,
    "pv_high": 63423428650.11084,
    "pv_terminal": 528699910018.05914,
    "roe_used": 0.4478713345035046,
    "fcf_floor_applied": 0.0
  }
}