{
  "intrinsic_value_pt": 139380950.42376137,
  "intrinsic_value_per_share": 0.3660565085120686,
  "v0": 132487712.7064997,
  "v0_adjusted": 139380950.42376137,
  "alpha": 0.0,
  "alpha_was_capped": false,
  "future_values": {
    "1年後": 0.46,
    "2年後": 0.57,
    "3年後": 0.71
  },
  "upside_percent": -96.1,
  "calculation_date": "2026-04-10",
  "formula": "Koichi式 v5.2（αキャップ＋RPO補正＋データガード）",
  "components": {
    "fcf_5yr_avg": -33755936.4,
    "diluted_shares": 380763481,
    "roe_10yr_avg": 0.0,
    "current_price": 9.285,
    "fcf_list_raw": [
      -17819134,
      -40843976,
      -34230554,
      -35106018,
      -40780000
    ],
    "latest_revenue": 50731000.0,
    "rpo": 8501000.0,
    "eps_data": {
      "ticker": "ONDS"
    },
    "high_growth_rate_used": 0.25,
    "pv_high": 16268275.025437176,
    "pv_terminal": 116219437.68106252,
    "roe_used": 0.0,
    "fcf_floor_applied": 37814416.4,
    "rpo_adjustment": 6893237.71726166,
    "alpha_uncapped": 0.0
  }
}