{
  "intrinsic_value_pt": 3960227091659.0493,
  "intrinsic_value_per_share": 530.0089790764252,
  "v0": 1676035890968.5527,
  "v0_adjusted": 1980113545829.5247,
  "alpha": 1.0,
  "alpha_was_capped": true,
  "future_values": {
    "1年後": 609.51,
    "2年後": 700.94,
    "3年後": 806.08
  },
  "upside_percent": 42.0,
  "calculation_date": "2026-04-10",
  "formula": "Koichi式 v5.2（αキャップ＋RPO補正＋データガード）",
  "components": {
    "fcf_5yr_avg": 65284800000.0,
    "diluted_shares": 7472000000,
    "roe_10yr_avg": 0.33282252757802594,
    "current_price": 373.235,
    "fcf_list_raw": [
      56118000000,
      65149000000,
      59475000000,
      74071000000,
      71611000000
    ],
    "latest_revenue": 281724000000.0,
    "rpo": 375000000000.0,
    "eps_data": {
      "ticker": "MSFT"
    },
    "high_growth_rate_used": 0.15,
    "pv_high": 220272077601.85074,
    "pv_terminal": 1455763813366.702,
    "roe_used": 0.33282252757802594,
    "fcf_floor_applied": 0.0,
    "rpo_adjustment": 304077654860.9719,
    "alpha_uncapped": 1.6445348421502457
  }
}