{
  "intrinsic_value_pt": 3443743257023.263,
  "intrinsic_value_per_share": 460.8864102011862,
  "v0": 1356729344919.3884,
  "alpha": 1.5382684246634886,
  "future_values": {
    "1年後": 530.02,
    "2年後": 609.52,
    "3年後": 700.95
  },
  "upside_percent": 23.1,
  "calculation_date": "2026-04-09",
  "formula": "Koichi式 v5.1 Phase 4（将来価値予測版）",
  "components": {
    "fcf_5yr_avg": 52847200000.0,
    "diluted_shares": 7472000000,
    "roe_10yr_avg": 0.3113162288009442,
    "current_price": 374.33,
    "fcf_list_raw": [
      38260000000,
      45234000000,
      56118000000,
      65149000000,
      59475000000
    ],
    "latest_revenue": 211915000000.0,
    "eps_data": {
      "ticker": "MSFT"
    },
    "high_growth_rate_used": 0.15,
    "pv_high": 178307393749.24213,
    "pv_terminal": 1178421951170.1462,
    "roe_used": 0.3113162288009442,
    "fcf_floor_applied": 0.0
  }
}