{
  "intrinsic_value_pt": 3321613999560.7207,
  "intrinsic_value_per_share": 444.541488163908,
  "v0": 1356729344919.3884,
  "v0_adjusted": 1660806999780.3604,
  "alpha": 1.0,
  "alpha_was_capped": true,
  "future_values": {
    "1年後": 511.22,
    "2年後": 587.91,
    "3年後": 676.09
  },
  "upside_percent": 18.8,
  "calculation_date": "2026-04-09",
  "formula": "Koichi式 v5.2（αキャップ＋RPO補正＋データガード）",
  "components": {
    "fcf_5yr_avg": 52847200000.0,
    "diluted_shares": 7472000000,
    "roe_10yr_avg": 0.3113162288009442,
    "current_price": 374.33,
    "fcf_list_raw": [
      38260000000,
      45234000000,
      56118000000,
      65149000000,
      59475000000
    ],
    "latest_revenue": 0.0,
    "rpo": 375000000000.0,
    "eps_data": {
      "ticker": "MSFT"
    },
    "high_growth_rate_used": 0.15,
    "pv_high": 178307393749.24213,
    "pv_terminal": 1178421951170.1462,
    "roe_used": 0.3113162288009442,
    "fcf_floor_applied": 0.0,
    "rpo_adjustment": 304077654860.9719,
    "alpha_uncapped": 1.5382684246634886
  }
}