{
  "intrinsic_value_pt": 680361758481.4789,
  "intrinsic_value_per_share": 63.2644437937322,
  "v0": 397024812375.7717,
  "v0_adjusted": 417811233954.2036,
  "alpha": 0.6283950817752629,
  "alpha_was_capped": false,
  "future_values": {
    "1年後": 70.72,
    "2年後": 79.06,
    "3年後": 88.38
  },
  "upside_percent": -75.1,
  "calculation_date": "2026-04-18",
  "formula": "Koichi式 v6.2.0（動的WACC + three_stage DCF + FCFベース自動判定 + 成長オプション）",
  "dcf_type": "three_stage",
  "wacc": {
    "value": 0.12183100000000001,
    "beta": 1.383,
    "risk_free_rate": 0.043,
    "market_return": 0.1,
    "method": "CAPM"
  },
  "sensitivity": {
    "matrix": [
      [
        51.66,
        58.37,
        65.15
      ],
      [
        46.31,
        52.11,
        57.86
      ],
      [
        42.01,
        47.08,
        52.02
      ]
    ],
    "wacc_values": [
      0.112,
      0.122,
      0.132
    ],
    "growth_years": [
      3,
      5,
      7
    ],
    "base_wacc": 0.12183100000000001,
    "base_years": 5
  },
  "growth_scenarios": {
    "primary": {
      "rate": 0.11790000000000002,
      "source": "segment_weighted"
    },
    "segment": {
      "enabled": true,
      "weighted_growth": 0.11790000000000002,
      "fiscal_year": "FY2024",
      "source": "segment_config"
    }
  },
  "scenario_valuations": {
    "bear": {
      "growth_rate": 0.083,
      "intrinsic_value_per_share": 45.79
    },
    "base": {
      "growth_rate": 0.118,
      "intrinsic_value_per_share": 52.2
    },
    "bull": {
      "growth_rate": 0.141,
      "intrinsic_value_per_share": 56.91
    }
  },
  "growth_options": {
    "total_pv": 514577921.03373003,
    "count": 1,
    "applied": true,
    "options": [
      {
        "name": "Alexa+ / AI Assistant",
        "tam": 60000000000,
        "penetration": 0.15,
        "fcf_margin": 0.2,
        "probability": 0.5,
        "delay_years": 4,
        "expected_fcf": 900000000.0,
        "pv": 514577921.03373003,
        "note": "Alexa+の有料化・企業向け展開。"
      }
    ]
  },
  "maturity_profile": {
    "type": "three_stage",
    "phase1": {
      "years": 5,
      "growth": null
    },
    "phase2": {
      "years": 5,
      "growth": 0.1
    },
    "terminal_growth": 0.03
  },
  "dcf_components": {
    "v0": 397024812375.7717,
    "pv_phase1": 100371182051.4194,
    "pv_phase2": 93997906620.90956,
    "pv_high_growth": 194369088672.32898,
    "pv_terminal": 202655723703.44272,
    "phase1_detail": [
      {
        "year": 1,
        "phase": "phase1",
        "growth_rate": 0.11790000000000002,
        "fcf": 22678278350.000004,
        "discount_factor": 1.121831,
        "pv": 20215414220.145462
      },
      {
        "year": 2,
        "phase": "phase1",
        "growth_rate": 0.11790000000000002,
        "fcf": 25352047367.465008,
        "discount_factor": 1.258504792561,
        "pv": 20144577531.464733
      },
      {
        "year": 3,
        "phase": "phase1",
        "growth_rate": 0.11790000000000002,
        "fcf": 28341053752.089134,
        "discount_factor": 1.4118296899434992,
        "pv": 20073989061.119213
      },
      {
        "year": 4,
        "phase": "phase1",
        "growth_rate": 0.11790000000000002,
        "fcf": 31682463989.460445,
        "discount_factor": 1.5838343128990058,
        "pv": 20003647939.3288
      },
      {
        "year": 5,
        "phase": "phase1",
        "growth_rate": 0.11790000000000002,
        "fcf": 35417826493.81783,
        "discount_factor": 1.7767944310738046,
        "pv": 19933553299.361195
      }
    ],
    "phase2_detail": [
      {
        "year": 6,
        "phase": "phase2",
        "growth_rate": 0.1,
        "fcf": 38959609143.19962,
        "discount_factor": 1.9932630734059573,
        "pv": 19545643353.85394
      },
      {
        "year": 7,
        "phase": "phase2",
        "growth_rate": 0.1,
        "fcf": 42855570057.51959,
        "discount_factor": 2.2361043069020785,
        "pv": 19165282194.233654
      },
      {
        "year": 8,
        "phase": "phase2",
        "growth_rate": 0.1,
        "fcf": 47141127063.27155,
        "discount_factor": 2.508531130716266,
        "pv": 18792322919.99153
      },
      {
        "year": 9,
        "phase": "phase2",
        "growth_rate": 0.1,
        "fcf": 51855239769.59871,
        "discount_factor": 2.814147986902559,
        "pv": 18426621489.32476
      },
      {
        "year": 10,
        "phase": "phase2",
        "growth_rate": 0.1,
        "fcf": 57040763746.558586,
        "discount_factor": 3.1569984502948847,
        "pv": 18068036663.50568
      }
    ],
    "terminal_fcf": 58751986658.955345,
    "terminal_value": 639783805675.157,
    "dcf_type": "three_stage"
  },
  "fcf_base": {
    "base_fcf": 20286500000.0,
    "method": "recent_2yr",
    "fcf_5yr_avg": 8234200000.0,
    "fcf_2yr_avg": 20286500000.0,
    "ratio": 2.46,
    "threshold": 1.5
  },
  "components": {
    "fcf_5yr_avg": 8234200000.0,
    "fcf_2yr_avg": 20286500000.0,
    "fcf_base_used": 20286500000.0,
    "fcf_base_method": "recent_2yr",
    "fcf_list_raw": [
      -14726000000,
      -16893000000,
      32217000000,
      32878000000,
      7695000000
    ],
    "diluted_shares": 10754251799,
    "roe_10yr_avg": 0.18228095525657637,
    "current_price": 253.975,
    "latest_revenue": 716924000000.0,
    "rpo": 25000000000.0,
    "beta": 1.383,
    "sector": "Consumer Cyclical",
    "eps_data": {
      "ticker": "AMZN"
    },
    "_shares_source": "yf_implied",
    "_beta_source": "yfinance",
    "high_growth_rate_used": 0.11790000000000002,
    "high_growth_years": 5,
    "terminal_growth_used": 0.03,
    "pv_high": 194369088672.32898,
    "pv_terminal": 202655723703.44272,
    "roe_used": 0.18228095525657637,
    "fcf_floor_applied": 0.0,
    "rpo_pv": 20271843657.39813,
    "growth_option_pv": 514577921.03373003,
    "alpha_uncapped": 0.6283950817752629
  },
  "validation": {
    "validated_at": "2026-04-18",
    "model": "basic_checks",
    "checks": {
      "pt_shares_consistency": {
        "pass": true,
        "detail": "P_t $679.52B / 10.754B = $63.19 (差異0.12%)"
      },
      "dcf_components": {
        "pass": true,
        "detail": "pv_high $194.37B + pv_terminal $202.66B = $397.02B (差異0.00%)"
      },
      "formula_verification": {
        "pass": false,
        "detail": "α計算: ROE 18.2% × 60% / 8.5% × 0.7 = 0.9007 (実際0.6284)"
      },
      "anomaly_detection": {
        "pass": true,
        "detail": "異常値なし"
      }
    },
    "overall": "WARN",
    "ai_comment": null
  }
}