{
  "intrinsic_value_pt": 4421744667626.043,
  "intrinsic_value_per_share": 177.2952954140354,
  "v0": 2209007324196.541,
  "v0_adjusted": 2210872333813.0215,
  "alpha": 1.0,
  "alpha_was_capped": true,
  "future_values": {
    "1年後": 265.94,
    "2年後": 398.91,
    "3年後": 598.37
  },
  "upside_percent": -3.6,
  "calculation_date": "2026-04-10",
  "formula": "Koichi式 v5.2（αキャップ＋RPO補正＋データガード）",
  "components": {
    "fcf_5yr_avg": 39859800000.0,
    "diluted_shares": 24940000000,
    "roe_10yr_avg": 0.4564387976956358,
    "current_price": 183.91,
    "fcf_list_raw": [
      9108000000,
      5641000000,
      27021000000,
      60853000000,
      96676000000
    ],
    "latest_revenue": 215938000000.0,
    "rpo": 2300000000.0,
    "eps_data": {
      "ticker": "NVDA"
    },
    "high_growth_rate_used": 0.5,
    "pv_high": 236610870175.92828,
    "pv_terminal": 1972396454020.6128,
    "roe_used": 0.4564387976956358,
    "fcf_floor_applied": 0.0,
    "rpo_adjustment": 1865009616.4806278,
    "alpha_uncapped": 2.255344647437259
  }
}