{
  "intrinsic_value_pt": 1187976696569.301,
  "intrinsic_value_per_share": 47.63338799395754,
  "v0": 592123338668.1699,
  "v0_adjusted": 593988348284.6505,
  "alpha": 1.0,
  "alpha_was_capped": true,
  "future_values": {
    "1年後": 71.45,
    "2年後": 107.18,
    "3年後": 160.76
  },
  "upside_percent": -73.8,
  "calculation_date": "2026-04-09",
  "formula": "Koichi式 v5.2（αキャップ＋RPO補正＋データガード）",
  "components": {
    "fcf_5yr_avg": 10684400000.0,
    "diluted_shares": 24940000000,
    "roe_10yr_avg": 0.4478713345035046,
    "current_price": 182.08,
    "fcf_list_raw": [
      4761000000,
      5822000000,
      9108000000,
      5641000000,
      28090000000
    ],
    "latest_revenue": 60922000000.0,
    "rpo": 2300000000.0,
    "eps_data": {
      "ticker": "NVDA"
    },
    "high_growth_rate_used": 0.5,
    "pv_high": 63423428650.11084,
    "pv_terminal": 528699910018.05914,
    "roe_used": 0.4478713345035046,
    "fcf_floor_applied": 0.0,
    "rpo_adjustment": 1865009616.4806278,
    "alpha_uncapped": 2.2130112998996694
  }
}