{
  "intrinsic_value_pt": 1902498978075.149,
  "intrinsic_value_per_share": 76.28303841520244,
  "v0": 592123338668.1699,
  "alpha": 2.2130112998996694,
  "future_values": {
    "1年後": 114.42,
    "2年後": 171.64,
    "3年後": 257.46
  },
  "upside_percent": -58.1,
  "calculation_date": "2026-04-09",
  "formula": "Koichi式 v5.1 Phase 4（将来価値予測版）",
  "components": {
    "fcf_5yr_avg": 10684400000.0,
    "diluted_shares": 24940000000,
    "roe_10yr_avg": 0.4478713345035046,
    "current_price": 182.08,
    "fcf_list_raw": [
      4761000000,
      5822000000,
      9108000000,
      5641000000,
      28090000000
    ],
    "latest_revenue": 0.0,
    "eps_data": {
      "ticker": "NVDA"
    },
    "high_growth_rate_used": 0.5,
    "pv_high": 63423428650.11084,
    "pv_terminal": 528699910018.05914,
    "roe_used": 0.4478713345035046,
    "fcf_floor_applied": 0.0
  }
}