{
  "intrinsic_value_pt": 1789493530311.5178,
  "intrinsic_value_per_share": 73.62655956846402,
  "v0": 892881755539.2783,
  "v0_adjusted": 894746765155.7589,
  "alpha": 1.0,
  "alpha_was_capped": true,
  "future_values": {
    "1年後": 100.06,
    "2年後": 135.98,
    "3年後": 184.8
  },
  "upside_percent": -61.0,
  "calculation_date": "2026-04-12",
  "formula": "Koichi式 v6.0.0（動的WACC＋感度分析＋セグメント成長率）",
  "wacc": {
    "value": 0.176095,
    "beta": 2.335,
    "risk_free_rate": 0.043,
    "market_return": 0.1,
    "method": "CAPM"
  },
  "sensitivity": {
    "matrix": [
      [
        52.96,
        80.16,
        117.12
      ],
      [
        49.1,
        73.68,
        106.52
      ],
      [
        45.74,
        68.07,
        97.39
      ]
    ],
    "wacc_values": [
      0.166,
      0.176,
      0.186
    ],
    "growth_years": [
      3,
      5,
      7
    ],
    "base_wacc": 0.176095,
    "base_years": 5
  },
  "growth_scenarios": {
    "primary": {
      "rate": 0.35900000000000004,
      "source": "segment_weighted"
    },
    "segment": {
      "enabled": true,
      "weighted_growth": 0.35900000000000004,
      "fiscal_year": "FY2025",
      "source": "segment_config",
      "segments": [
        {
          "name": "Data Center",
          "weight": 0.88,
          "growth": 0.4
        },
        {
          "name": "Gaming",
          "weight": 0.1,
          "growth": 0.05
        },
        {
          "name": "Other",
          "weight": 0.02,
          "growth": 0.1
        }
      ]
    }
  },
  "scenario_valuations": {
    "bear": {
      "growth_rate": 0.251,
      "intrinsic_value_per_share": 51.51
    },
    "base": {
      "growth_rate": 0.359,
      "intrinsic_value_per_share": 73.63
    },
    "bull": {
      "growth_rate": 0.431,
      "intrinsic_value_per_share": 92.45
    }
  },
  "components": {
    "fcf_5yr_avg": 39859800000.0,
    "fcf_list_raw": [
      9108000000,
      5641000000,
      27021000000,
      60853000000,
      96676000000
    ],
    "diluted_shares": 24305000000,
    "roe_10yr_avg": 0.4564387976956358,
    "current_price": 188.63,
    "latest_revenue": 215938000000.0,
    "rpo": 2300000000.0,
    "beta": 2.335,
    "sector": "Technology",
    "eps_data": {
      "ticker": "NVDA"
    },
    "_shares_source": "yf_implied",
    "_beta_source": "yfinance",
    "high_growth_rate_used": 0.35900000000000004,
    "high_growth_years": 5,
    "pv_high": 313956824370.0598,
    "pv_terminal": 578924931169.2185,
    "roe_used": 0.4564387976956358,
    "fcf_floor_applied": 0.0,
    "rpo_adjustment": 1865009616.4806278,
    "alpha_uncapped": 1.0886413301466085
  },
  "validation": {
    "validated_at": "2026-04-12",
    "model": "grok-3-mini",
    "checks": {
      "pt_shares_consistency": {
        "pass": true,
        "detail": "P_t $1785.76B / 24.305B = $73.47 (差異0.21%)"
      },
      "dcf_components": {
        "pass": true,
        "detail": "pv_high $313.96B + pv_terminal $578.92B = $892.88B (差異0.00%)"
      },
      "formula_verification": {
        "pass": true,
        "detail": "α計算: ROE 45.6% × 60% / 8.5% × 0.7 = 1.0000 (実際1.0000)"
      },
      "anomaly_detection": {
        "pass": true,
        "detail": "異常値なし"
      }
    },
    "overall": "PASS",
    "ai_comment": "Minor issues in consistency and anomalies detected.",
    "ai_concerns": "Diviation rate of -61.0% is extreme, suggesting market overvaluation, though shares count (24,305,000,000) is reasonable for the company."
  }
}