{
  "intrinsic_value_pt": 468149827888.89124,
  "intrinsic_value_per_share": 2500.70685331687,
  "v0": 34067872582.189625,
  "alpha": 12.741680721608537,
  "future_values": {
    "1年後": 3125.88,
    "2年後": 3907.35,
    "3年後": 4884.19
  },
  "upside_percent": 12310.5,
  "calculation_date": "2026-04-09",
  "formula": "Koichi式 v5.1 Phase 4（将来価値予測版）",
  "components": {
    "fcf_5yr_avg": 1043597000.0,
    "diluted_shares": 187207000,
    "roe_10yr_avg": 2.5786734793731565,
    "current_price": 20.15,
    "fcf_list_raw": [
      1043597000
    ],
    "latest_revenue": 504874000.0,
    "eps_data": {
      "ticker": "FIG"
    },
    "high_growth_rate_used": 0.25,
    "pv_high": 4183222046.6088676,
    "pv_terminal": 29884650535.580757,
    "roe_used": 2.5786734793731565,
    "fcf_floor_applied": 0.0
  }
}