{
  "intrinsic_value_pt": 4737085719.764726,
  "intrinsic_value_per_share": 19.990740027028263,
  "v0": 1436575024.8683057,
  "alpha": 2.2974857823377417,
  "future_values": {
    "1年後": 29.99,
    "2年後": 44.98,
    "3年後": 67.47
  },
  "upside_percent": -44.5,
  "calculation_date": "2026-04-09",
  "formula": "Koichi式 v5.1 Phase 4（将来価値予測版）",
  "components": {
    "fcf_5yr_avg": 25921866.6,
    "diluted_shares": 236964000,
    "roe_10yr_avg": 0.4649673607112097,
    "current_price": 36.02,
    "fcf_list_raw": [
      2821333,
      2821000,
      -99736000,
      99918000,
      123785000
    ],
    "latest_revenue": 1318014000.0,
    "eps_data": {
      "ticker": "CELH"
    },
    "high_growth_rate_used": 0.5,
    "pv_high": 153874214.4418771,
    "pv_terminal": 1282700810.4264286,
    "roe_used": 0.4649673607112097,
    "fcf_floor_applied": 0.0
  }
}