{
  "intrinsic_value_pt": 2873150049.7366114,
  "intrinsic_value_per_share": 11.271188962958096,
  "v0": 1436575024.8683057,
  "v0_adjusted": 1436575024.8683057,
  "alpha": 1.0,
  "alpha_was_capped": true,
  "future_values": {
    "1年後": 16.91,
    "2年後": 25.36,
    "3年後": 38.04
  },
  "upside_percent": -68.7,
  "calculation_date": "2026-04-09",
  "formula": "Koichi式 v5.2（αキャップ＋RPO補正＋データガード）",
  "components": {
    "fcf_5yr_avg": 25921866.6,
    "diluted_shares": 254911000,
    "roe_10yr_avg": 5.657154972437704,
    "current_price": 36.02,
    "fcf_list_raw": [
      2821333,
      2821000,
      -99736000,
      99918000,
      123785000
    ],
    "latest_revenue": 0.0,
    "rpo": 0.0,
    "eps_data": {
      "ticker": "CELH"
    },
    "high_growth_rate_used": 0.5,
    "pv_high": 153874214.4418771,
    "pv_terminal": 1282700810.4264286,
    "roe_used": 5.657154972437704,
    "fcf_floor_applied": 0.0,
    "rpo_adjustment": 0.0,
    "alpha_uncapped": 27.953001040280412
  }
}