{
  "intrinsic_value_pt": 161187774951.24188,
  "intrinsic_value_per_share": 98.46534816813798,
  "v0": 80338462245.53772,
  "v0_adjusted": 80593887475.62094,
  "alpha": 1.0,
  "alpha_was_capped": true,
  "future_values": {
    "1年後": 139.78,
    "2年後": 198.44,
    "3年後": 281.71
  },
  "upside_percent": -57.5,
  "calculation_date": "2026-04-09",
  "formula": "Koichi式 v5.2（αキャップ＋RPO補正＋データガード）",
  "components": {
    "fcf_5yr_avg": 1701800000.0,
    "diluted_shares": 1637000000,
    "roe_10yr_avg": 0.21242701106310805,
    "current_price": 231.82,
    "fcf_list_raw": [
      276000000,
      777000000,
      3220000000,
      3115000000,
      1121000000
    ],
    "latest_revenue": 0.0,
    "rpo": 315000000.0,
    "eps_data": {
      "ticker": "AMD"
    },
    "high_growth_rate_used": 0.4196266142693943,
    "pv_high": 8951937858.10027,
    "pv_terminal": 71386524387.43745,
    "roe_used": 0.21242701106310805,
    "fcf_floor_applied": 0.0,
    "rpo_adjustment": 255425230.08321643,
    "alpha_uncapped": 1.0496393487824163
  }
}