{
  "intrinsic_value_pt": 80338462245.53772,
  "intrinsic_value_per_share": 49.439053689561675,
  "v0": 80338462245.53772,
  "alpha": 0.0,
  "future_values": {
    "1年後": 70.18,
    "2年後": 99.64,
    "3年後": 141.45
  },
  "upside_percent": -78.7,
  "calculation_date": "2026-04-09",
  "formula": "Koichi式 v5.1 Phase 4（将来価値予測版）",
  "calculation_steps": {
    "step1": {
      "title": "FCF 5年平均算出",
      "description": "過去5年のFCF（営業CF - 設備投資）を平均化",
      "formula": "Σ(FCF_t) / n",
      "inputs": {
        "fcf_list": [
          276000000,
          777000000,
          3220000000,
          3115000000,
          1121000000
        ],
        "years": 5
      },
      "result": 1701800000.0,
      "detail": {
        "input": [
          276000000,
          777000000,
          3220000000,
          3115000000,
          1121000000
        ],
        "sum": 8509000000,
        "count": 5,
        "result": 1701800000.0
      }
    },
    "step2": {
      "title": "企業別高成長率（CAGR）",
      "description": "直近5年FCFのCAGRを算出し、15%〜50%にクリップ",
      "formula": "(FCF_end / FCF_start)^(1/n) - 1",
      "inputs": {
        "method": "cagr",
        "start_value": 276000000,
        "end_value": 1121000000,
        "periods": 4,
        "raw_cagr": 0.4196266142693943,
        "clipped_result": 0.4196266142693943
      },
      "result": 0.4196266142693943,
      "constraints": {
        "min": 0.15,
        "max": 0.5
      }
    },
    "step3": {
      "title": "2段階DCF計算",
      "description": "高成長期3年 + ターミナル価値のDCF",
      "formula": "PV_high + PV_terminal",
      "inputs": {
        "fcf_base": 1701800000.0,
        "wacc": 0.085,
        "high_growth_rate": 0.4196266142693943,
        "terminal_growth": 0.03
      },
      "result": {
        "pv_high": 8951937858.10027,
        "pv_terminal": 71386524387.43745,
        "v0": 80338462245.53772
      },
      "detail": {
        "wacc": 0.085,
        "high_growth_years": 3,
        "terminal_growth": 0.03,
        "high_growth_detail": [
          {
            "year": 1,
            "fcf": 2415920572.1636553,
            "discount_factor": 1.085,
            "pv": 2226654905.219959
          },
          {
            "year": 2,
            "fcf": 3429705142.204468,
            "discount_factor": 1.177225,
            "pv": 2913381165.201612
          },
          {
            "year": 3,
            "fcf": 4868900698.97006,
            "discount_factor": 1.2772891249999998,
            "pv": 3811901787.678699
          }
        ],
        "pv_high": 8951937858.10027,
        "terminal_fcf": 5014967719.939162,
        "terminal_value": 91181231271.62112,
        "pv_terminal": 71386524387.43745
      }
    },
    "step4": {
      "title": "α 成長期待プレミアム",
      "description": "α = max(0, (g_individual / WACC) × 0.7)",
      "formula": "max(0, (ROE × 内部留保率 / WACC) × 0.7)",
      "inputs": {
        "roe_10yr_avg": -0.3390030721526027,
        "retention_rate": 0.6,
        "g_individual": 0.0,
        "wacc": 0.085,
        "alpha_raw": 0.0,
        "alpha_clipped": 0.0
      },
      "result": 0.0
    },
    "step5": {
      "title": "本質的価値（P_t）算出",
      "description": "P_t = V_0 × (1 + α)",
      "formula": "V_0 × (1 + α)",
      "inputs": {
        "v0": 80338462245.53772,
        "alpha": 0.0,
        "formula": "V_0 × (1 + α)",
        "intrinsic_value_pt": 80338462245.53772,
        "diluted_shares": 1625000000,
        "intrinsic_value_per_share": 49.439053689561675
      },
      "result": 49.439053689561675
    }
  },
  "components": {
    "fcf_5yr_avg": 1701800000.0,
    "diluted_shares": 1625000000,
    "roe_10yr_avg": -0.3390030721526027,
    "current_price": 231.82,
    "fcf_list_raw": [
      276000000,
      777000000,
      3220000000,
      3115000000,
      1121000000
    ],
    "latest_revenue": 22680000000.0,
    "eps_data": {
      "ticker": "AMD"
    },
    "high_growth_rate_used": 0.4196266142693943,
    "pv_high": 8951937858.10027,
    "pv_terminal": 71386524387.43745,
    "roe_used": -0.3390030721526027,
    "fcf_floor_applied": 0.0
  }
}