{
  "intrinsic_value_pt": 174116365287.55563,
  "intrinsic_value_per_share": 106.36308203271572,
  "v0": 96917159308.96254,
  "v0_adjusted": 97172584539.04576,
  "alpha": 0.7918260187634758,
  "alpha_was_capped": false,
  "future_values": {
    "1年後": 127.91,
    "2年後": 153.83,
    "3年後": 184.99
  },
  "upside_percent": -56.9,
  "calculation_date": "2026-04-10",
  "formula": "Koichi式 v5.2（αキャップ＋RPO補正＋データガード）",
  "components": {
    "fcf_5yr_avg": 3319200000.0,
    "diluted_shares": 1637000000,
    "roe_10yr_avg": 0.16025050379737013,
    "current_price": 246.67,
    "fcf_list_raw": [
      3220000000,
      3115000000,
      1121000000,
      2405000000,
      6735000000
    ],
    "latest_revenue": 34639000000.0,
    "rpo": 315000000.0,
    "eps_data": {
      "ticker": "AMD"
    },
    "high_growth_rate_used": 0.20259787495136128,
    "pv_high": 12276304891.782806,
    "pv_terminal": 84640854417.17973,
    "roe_used": 0.16025050379737013,
    "fcf_floor_applied": 0.0,
    "rpo_adjustment": 255425230.08321643,
    "alpha_uncapped": 0.7918260187634758
  }
}