{
  "intrinsic_value_pt": 148840589777.37164,
  "intrinsic_value_per_share": 91.2902354183383,
  "v0": 90246893920.18935,
  "v0_adjusted": 90936279863.67767,
  "alpha": 0.6367569687312719,
  "alpha_was_capped": false,
  "future_values": {
    "1年後": 109.14,
    "2年後": 130.47,
    "3年後": 155.98
  },
  "upside_percent": -67.2,
  "calculation_date": "2026-04-19",
  "formula": "Koichi式 v6.2.0（動的WACC + three_stage DCF + FCFベース自動判定 + 成長オプション）",
  "dcf_type": "three_stage",
  "wacc": {
    "value": 0.10570000000000002,
    "beta": 1.1,
    "risk_free_rate": 0.043,
    "market_return": 0.1,
    "method": "CAPM"
  },
  "sensitivity": {
    "matrix": [
      [
        76.48,
        98.11,
        123.85
      ],
      [
        66.29,
        84.49,
        105.75
      ],
      [
        58.47,
        74.05,
        91.93
      ]
    ],
    "wacc_values": [
      0.096,
      0.106,
      0.116
    ],
    "growth_years": [
      3,
      5,
      7
    ],
    "base_wacc": 0.10570000000000002,
    "base_years": 5
  },
  "growth_scenarios": {
    "primary": {
      "rate": 0.19549999999999998,
      "source": "segment_weighted"
    },
    "segment": {
      "enabled": true,
      "weighted_growth": 0.19549999999999998,
      "fiscal_year": "FY2024",
      "source": "segment_config"
    }
  },
  "scenario_valuations": {
    "bear": {
      "growth_rate": 0.137,
      "intrinsic_value_per_share": 67.7
    },
    "base": {
      "growth_rate": 0.195,
      "intrinsic_value_per_share": 84.84
    },
    "bull": {
      "growth_rate": 0.235,
      "intrinsic_value_per_share": 98.19
    }
  },
  "growth_options": {
    "total_pv": 433960713.40511227,
    "count": 1,
    "applied": true,
    "options": [
      {
        "name": "AI PC / Client AI",
        "tam": 40000000000,
        "penetration": 0.2,
        "fcf_margin": 0.15,
        "probability": 0.55,
        "delay_years": 3,
        "expected_fcf": 660000000.0,
        "pv": 433960713.40511227,
        "note": "NPU搭載RyzenによるAI PC市場の取り込み。"
      }
    ]
  },
  "maturity_profile": {
    "type": "three_stage",
    "phase1": {
      "years": 4,
      "growth": null
    },
    "phase2": {
      "years": 4,
      "growth": 0.1
    },
    "terminal_growth": 0.03
  },
  "dcf_components": {
    "v0": 90246893920.18935,
    "pv_phase1": 15460050502.398003,
    "pv_phase2": 17093121826.785318,
    "pv_high_growth": 32553172329.18332,
    "pv_terminal": 57693721591.00603,
    "phase1_detail": [
      {
        "year": 1,
        "phase": "phase1",
        "growth_rate": 0.19549999999999998,
        "fcf": 3786746250.0,
        "discount_factor": 1.1057000000000001,
        "pv": 3424750158.270778
      },
      {
        "year": 2,
        "phase": "phase1",
        "growth_rate": 0.19549999999999998,
        "fcf": 4527055141.875,
        "discount_factor": 1.2225724900000003,
        "pv": 3702893021.8076468
      },
      {
        "year": 3,
        "phase": "phase1",
        "growth_rate": 0.19549999999999998,
        "fcf": 5412094422.111563,
        "discount_factor": 1.3517984021930005,
        "pv": 4003625402.52423
      },
      {
        "year": 4,
        "phase": "phase1",
        "growth_rate": 0.19549999999999998,
        "fcf": 6470158881.634374,
        "discount_factor": 1.4946834933048008,
        "pv": 4328781919.795349
      }
    ],
    "phase2_detail": [
      {
        "year": 5,
        "phase": "phase2",
        "growth_rate": 0.1,
        "fcf": 7117174769.7978115,
        "discount_factor": 1.6526715385471185,
        "pv": 4306466592.904841
      },
      {
        "year": 6,
        "phase": "phase2",
        "growth_rate": 0.1,
        "fcf": 7828892246.777594,
        "discount_factor": 1.827358920171549,
        "pv": 4284266303.8756676
      },
      {
        "year": 7,
        "phase": "phase2",
        "growth_rate": 0.1,
        "fcf": 8611781471.455353,
        "discount_factor": 2.020510758033682,
        "pv": 4262180459.6755304
      },
      {
        "year": 8,
        "phase": "phase2",
        "growth_rate": 0.1,
        "fcf": 9472959618.60089,
        "discount_factor": 2.2340787451578423,
        "pv": 4240208470.329279
      }
    ],
    "terminal_fcf": 9757148407.158916,
    "terminal_value": 128892317135.52066,
    "dcf_type": "three_stage"
  },
  "fcf_base": {
    "base_fcf": 3167500000.0,
    "method": "recent_2yr",
    "fcf_5yr_avg": 3319200000.0,
    "fcf_2yr_avg": 3167500000.0,
    "cv": 0.628,
    "cv_threshold": 0.5,
    "ratio": 0.628,
    "threshold": 0.5
  },
  "components": {
    "fcf_5yr_avg": 3319200000.0,
    "fcf_2yr_avg": 3167500000.0,
    "fcf_base_used": 3167500000.0,
    "fcf_base_method": "recent_2yr",
    "fcf_list_raw": [
      3220000000,
      3115000000,
      1121000000,
      2405000000,
      6735000000
    ],
    "diluted_shares": 1630410844,
    "roe_10yr_avg": 0.16025050379737013,
    "current_price": 278.39,
    "latest_revenue": 34639000000.0,
    "rpo": 315000000.0,
    "beta": 1.1,
    "sector": "Technology",
    "eps_data": {
      "ticker": "AMD"
    },
    "_shares_source": "yf_implied",
    "_beta_source": "beta_config(Semiconductor)",
    "high_growth_rate_used": 0.19549999999999998,
    "high_growth_years": 5,
    "terminal_growth_used": 0.03,
    "pv_high": 32553172329.18332,
    "pv_terminal": 57693721591.00603,
    "roe_used": 0.16025050379737013,
    "fcf_floor_applied": 0.0,
    "rpo_pv": 255425230.08321643,
    "growth_option_pv": 433960713.40511227,
    "alpha_uncapped": 0.6367569687312719
  },
  "validation": {
    "validated_at": "2026-04-19",
    "model": "basic_checks",
    "checks": {
      "pt_shares_consistency": {
        "pass": true,
        "detail": "(V₀ $90.25B + RPO $0.26B + GO $0.43B) × (1+0.637) / 1.630B = $91.29 (差異0.00%)"
      },
      "dcf_components": {
        "pass": true,
        "detail": "3段階: P1 $15.46B + P2 $17.09B + TV $57.69B = $90.25B (差異0.00%)"
      },
      "formula_verification": {
        "pass": true,
        "detail": "α計算: ROE 16.0% × 60% / WACC 10.57% × 0.7 = 0.6368 (実際0.6368)"
      },
      "anomaly_detection": {
        "pass": true,
        "detail": "異常値なし"
      }
    },
    "overall": "PASS",
    "ai_comment": null
  }
}