date,m2,hy_spread,fed_balance,tga,rrp,net_liquidity,reserve_balance,stealth_signal,stealth_absorb_weeks,net_liq_decline_weeks,stealth_alert,sp500
2023-01-01,21279.4,,8551169.0,427926.0,2553716.0,8.1207,,neutral,,,,
2023-01-02,21279.4,,8551169.0,427926.0,2553716.0,8.1207,,neutral,,,,
2023-01-03,21279.4,4.7,8551169.0,427926.0,2188272.0,8.1211,,supply,,,,3824.14
2023-01-04,21279.4,4.62,8507429.0,423625.0,2229542.0,8.0816,,supply,,,,3852.97
2023-01-05,21279.4,4.58,8507429.0,423625.0,2242486.0,8.0816,,neutral,,,,3808.1
2023-01-06,21279.4,4.47,8507429.0,423625.0,2208265.0,8.0816,,supply,,,,3895.08
2023-01-07,21279.4,,8507429.0,423625.0,2208265.0,8.0816,,neutral,,,,3895.08
2023-01-08,21279.4,,8507429.0,423625.0,2208265.0,8.0816,,neutral,,,,3895.08
2023-01-09,21279.4,4.37,8507429.0,423625.0,2199121.0,8.0816,,supply,,,,3892.09
2023-01-10,21279.4,4.33,8507429.0,423625.0,2192942.0,8.0816,,supply,,,,3919.25
2023-01-11,21279.4,4.3,8508587.0,372340.0,2199170.0,8.134,,supply,,,,3969.61
2023-01-12,21279.4,4.29,8508587.0,372340.0,2202989.0,8.134,,neutral,,,,3983.17
2023-01-13,21279.4,4.21,8508587.0,372340.0,2179781.0,8.1341,,supply,,,,3999.09
2023-01-14,21279.4,,8508587.0,372340.0,2179781.0,8.1341,,neutral,,,,3999.09
2023-01-15,21279.4,,8508587.0,372340.0,2179781.0,8.1341,,neutral,,,,3999.09
2023-01-16,21279.4,4.19,8508587.0,372340.0,2179781.0,8.1341,,neutral,,,,3999.09
2023-01-17,21279.4,4.19,8508587.0,372340.0,2093328.0,8.1342,,supply,,,,3990.97
2023-01-18,21279.4,4.25,8489039.0,339018.0,2131678.0,8.1479,,supply,,,,3928.86
2023-01-19,21279.4,4.39,8489039.0,339018.0,2110145.0,8.1479,,supply,,,,3898.85
2023-01-20,21279.4,4.35,8489039.0,339018.0,2090523.0,8.1479,,supply,,,,3972.61
2023-01-21,21279.4,,8489039.0,339018.0,2090523.0,8.1479,,neutral,,,,3972.61
2023-01-22,21279.4,,8489039.0,339018.0,2090523.0,8.1479,,neutral,,,,3972.61
2023-01-23,21279.4,4.27,8489039.0,339018.0,2135499.0,8.1479,,neutral,,,,4019.81
2023-01-24,21279.4,4.33,8489039.0,339018.0,2048386.0,8.148,,supply,,,,4016.95
2023-01-25,21279.4,4.35,8470557.0,491848.0,2031561.0,7.9767,,supply,,,,4016.22
2023-01-26,21279.4,4.24,8470557.0,491848.0,2024069.0,7.9767,,supply,,,,4060.43
2023-01-27,21279.4,4.23,8470557.0,491848.0,2003634.0,7.9767,,supply,,,,4070.56
2023-01-28,21279.4,,8470557.0,491848.0,2003634.0,7.9767,,neutral,,,,4070.56
2023-01-29,21279.4,,8470557.0,491848.0,2003634.0,7.9767,,neutral,,,,4070.56
2023-01-30,21279.4,4.26,8470557.0,491848.0,2048714.0,7.9767,,neutral,,,,4017.77
2023-01-31,21279.4,4.3,8470557.0,491848.0,2061572.0,7.9766,,neutral,,,,4076.6
2023-02-01,21242.9,4.31,8433610.0,560089.0,2038262.0,7.8715,,supply,,,,4119.21
2023-02-02,21242.9,3.94,8433610.0,560089.0,2050063.0,7.8715,,neutral,,,,4179.76
2023-02-03,21242.9,3.95,8433610.0,560089.0,2041217.0,7.8715,,supply,,,,4136.48
2023-02-04,21242.9,,8433610.0,560089.0,2041217.0,7.8715,,neutral,,,,4136.48
2023-02-05,21242.9,,8433610.0,560089.0,2041217.0,7.8715,,neutral,,,,4136.48
2023-02-06,21242.9,3.99,8433610.0,560089.0,2072261.0,7.8714,,neutral,,,,4111.08
2023-02-07,21242.9,3.99,8433610.0,560089.0,2057958.0,7.8715,,supply,,,,4164.0
2023-02-08,21242.9,4.07,8435369.0,493277.0,2059604.0,7.94,,supply,,,,4117.86
2023-02-09,21242.9,4.05,8435369.0,493277.0,2058942.0,7.94,,supply,,,,4081.5
2023-02-10,21242.9,4.24,8435369.0,493277.0,2042893.0,7.94,,supply,,,,4090.46
2023-02-11,21242.9,,8435369.0,493277.0,2042893.0,7.94,,neutral,,,,4090.46
2023-02-12,21242.9,,8435369.0,493277.0,2042893.0,7.94,,neutral,,,,4090.46
2023-02-13,21242.9,4.23,8435369.0,493277.0,2107775.0,7.94,,neutral,,,,4137.29
2023-02-14,21242.9,4.15,8435369.0,493277.0,2076548.0,7.94,,supply,,,,4136.13
2023-02-15,21242.9,4.18,8384767.0,490379.0,2011998.0,7.8924,,supply,,,,4147.6
2023-02-16,21242.9,4.24,8384767.0,490379.0,2032457.0,7.8924,,neutral,,,,4090.41
2023-02-17,21242.9,4.38,8384767.0,490379.0,2059662.0,7.8923,,neutral,,,,4079.09
2023-02-18,21242.9,,8384767.0,490379.0,2059662.0,7.8923,,neutral,,,,4079.09
2023-02-19,21242.9,,8384767.0,490379.0,2059662.0,7.8923,,neutral,,,,4079.09
2023-02-20,21242.9,4.38,8384767.0,490379.0,2059662.0,7.8923,,neutral,,,,4079.09
2023-02-21,21242.9,4.49,8384767.0,490379.0,2046064.0,7.8923,,supply,,,,3997.34
2023-02-22,21242.9,4.41,8382190.0,477333.0,2113849.0,7.9027,,supply,,,,3991.05
2023-02-23,21242.9,4.3,8382190.0,477333.0,2147417.0,7.9027,,neutral,,,,4012.32
2023-02-24,21242.9,4.28,8382190.0,477333.0,2142141.0,7.9027,,supply,,,,3970.04
2023-02-25,21242.9,,8382190.0,477333.0,2142141.0,7.9027,,neutral,,,,3970.04
2023-02-26,21242.9,,8382190.0,477333.0,2142141.0,7.9027,,neutral,,,,3970.04
2023-02-27,21242.9,4.21,8382190.0,477333.0,2162435.0,7.9027,,neutral,,,,3982.24
2023-02-28,21242.9,4.22,8382190.0,477333.0,2188035.0,7.9027,,neutral,,,,3970.15
2023-03-01,20946.8,4.17,8339684.0,381245.0,2133950.0,7.9563,,supply,,,,3951.39
2023-03-02,20946.8,4.18,8339684.0,381245.0,2192355.0,7.9562,,neutral,,,,3981.35
2023-03-03,20946.8,4.05,8339684.0,381245.0,2186150.0,7.9563,,supply,,,,4045.64
2023-03-04,20946.8,,8339684.0,381245.0,2186150.0,7.9563,,neutral,,,,4045.64
2023-03-05,20946.8,,8339684.0,381245.0,2186150.0,7.9563,,neutral,,,,4045.64
2023-03-06,20946.8,3.97,8339684.0,381245.0,2190793.0,7.9562,,neutral,,,,4048.42
2023-03-07,20946.8,3.98,8339684.0,381245.0,2170195.0,7.9563,,supply,,,,3986.37
2023-03-08,20946.8,4.09,8342283.0,333350.0,2193237.0,8.0067,,supply,,,,3992.01
2023-03-09,20946.8,4.27,8342283.0,333350.0,2229623.0,8.0067,,neutral,,,,3918.32
2023-03-10,20946.8,4.61,8342283.0,333350.0,2188375.0,8.0067,,supply,,,,3861.59
2023-03-11,20946.8,,8342283.0,333350.0,2188375.0,8.0067,,neutral,,,,3861.59
2023-03-12,20946.8,,8342283.0,333350.0,2188375.0,8.0067,,neutral,,,,3861.59
2023-03-13,20946.8,5.03,8342283.0,333350.0,2126677.0,8.0068,,supply,,,,3855.76
2023-03-14,20946.8,4.74,8342283.0,333350.0,2042579.0,8.0069,,supply,,,,3919.29
2023-03-15,20946.8,5.2,8639300.0,232866.0,2055823.0,8.4044,,supply,,,,3891.93
2023-03-16,20946.8,4.93,8639300.0,232866.0,2066319.0,8.4044,,neutral,,,,3960.28
2023-03-17,20946.8,5.17,8639300.0,232866.0,2106166.0,8.4043,,neutral,,,,3916.64
2023-03-18,20946.8,,8639300.0,232866.0,2106166.0,8.4043,,neutral,,,,3916.64
2023-03-19,20946.8,,8639300.0,232866.0,2106166.0,8.4043,,neutral,,,,3916.64
2023-03-20,20946.8,5.15,8639300.0,232866.0,2098393.0,8.4043,,supply,,,,3951.57
2023-03-21,20946.8,4.85,8639300.0,232866.0,2194631.0,8.4042,,neutral,,,,4002.87
2023-03-22,20946.8,5.0,8733787.0,259587.0,2279608.0,8.4719,,absorb,,,,3936.97
2023-03-23,20946.8,5.1,8733787.0,259587.0,2233956.0,8.472,,supply,,,,3948.72
2023-03-24,20946.8,5.22,8733787.0,259587.0,2218458.0,8.472,,supply,,,,3970.99
2023-03-25,20946.8,,8733787.0,259587.0,2218458.0,8.472,,neutral,,,,3970.99
2023-03-26,20946.8,,8733787.0,259587.0,2218458.0,8.472,,neutral,,,,3970.99
2023-03-27,20946.8,5.03,8733787.0,259587.0,2220131.0,8.472,,neutral,,,,3977.53
2023-03-28,20946.8,5.01,8733787.0,259587.0,2231749.0,8.472,,neutral,,,,3971.27
2023-03-29,20946.8,4.83,8705942.0,183577.0,2264862.0,8.5201,,supply,,,,4027.81
2023-03-30,20946.8,4.74,8705942.0,183577.0,2271531.0,8.5201,,neutral,,,,4050.83
2023-03-31,20946.8,4.58,8705942.0,183577.0,2375171.0,8.52,,neutral,,,,4109.31
2023-04-01,20761.4,,8705942.0,183577.0,2375171.0,8.52,,neutral,,,,4109.31
2023-04-02,20761.4,,8705942.0,183577.0,2375171.0,8.52,,neutral,,,,4109.31
2023-04-03,20761.4,4.58,8705942.0,183577.0,2221010.0,8.5201,,supply,,,,4124.51
2023-04-04,20761.4,4.73,8705942.0,183577.0,2219375.0,8.5201,,supply,,,,4100.6
2023-04-05,20761.4,4.84,8632384.0,168793.0,2243011.0,8.4613,,supply,,,,4090.38
2023-04-06,20761.4,4.84,8632384.0,168793.0,2173663.0,8.4614,,supply,,,,4105.02
2023-04-07,20761.4,,8632384.0,168793.0,2173663.0,8.4614,,neutral,,,,4105.02
2023-04-08,20761.4,,8632384.0,168793.0,2173663.0,8.4614,,neutral,,,,4105.02
2023-04-09,20761.4,,8632384.0,168793.0,2173663.0,8.4614,,neutral,,,,4105.02
2023-04-10,20761.4,4.7,8632384.0,168793.0,2239655.0,8.4614,,neutral,,,,4109.11
2023-04-11,20761.4,4.63,8632384.0,168793.0,2297208.0,8.4613,,neutral,,,,4108.94
2023-04-12,20761.4,4.62,8614797.0,109208.0,2303862.0,8.5033,,supply,,,,4091.95
2023-04-13,20761.4,4.49,8614797.0,109208.0,2321699.0,8.5033,,neutral,,,,4146.22
2023-04-14,20761.4,4.43,8614797.0,109208.0,2253786.0,8.5033,,supply,,,,4137.64
2023-04-15,20761.4,,8614797.0,109208.0,2253786.0,8.5033,,neutral,,,,4137.64
2023-04-16,20761.4,,8614797.0,109208.0,2253786.0,8.5033,,neutral,,,,4137.64
2023-04-17,20761.4,4.41,8614797.0,109208.0,2256845.0,8.5033,,neutral,,,,4151.32
2023-04-18,20761.4,4.37,8614797.0,109208.0,2238994.0,8.5034,,supply,,,,4154.87
2023-04-19,20761.4,4.41,8593263.0,166555.0,2294677.0,8.4244,,absorb,,,,4154.52
2023-04-20,20761.4,4.54,8593263.0,166555.0,2277259.0,8.4244,,supply,,,,4129.79
2023-04-21,20761.4,4.46,8593263.0,166555.0,2290023.0,8.4244,,neutral,,,,4133.52
2023-04-22,20761.4,,8593263.0,166555.0,2290023.0,8.4244,,neutral,,,,4133.52
2023-04-23,20761.4,,8593263.0,166555.0,2290023.0,8.4244,,neutral,,,,4133.52
2023-04-24,20761.4,4.48,8593263.0,166555.0,2308538.0,8.4244,,neutral,,,,4137.04
2023-04-25,20761.4,4.64,8593263.0,166555.0,2275402.0,8.4244,,supply,,,,4071.63
2023-04-26,20761.4,4.63,8562768.0,291702.0,2279561.0,8.2688,,absorb,,,,4055.99
2023-04-27,20761.4,4.48,8562768.0,291702.0,2273926.0,8.2688,,supply,,,,4135.35
2023-04-28,20761.4,4.5,8562768.0,291702.0,2325479.0,8.2687,,neutral,,,,4169.48
2023-04-29,20761.4,,8562768.0,291702.0,2325479.0,8.2687,,neutral,,,,4169.48
2023-04-30,20761.4,4.53,8562768.0,291702.0,2325479.0,8.2687,,neutral,,,,4169.48
2023-05-01,20829.6,4.45,8562768.0,291702.0,2239866.0,8.2688,,supply,,,,4167.87
2023-05-02,20829.6,4.7,8562768.0,291702.0,2267130.0,8.2688,,neutral,,,,4119.58
2023-05-03,20829.6,4.79,8503994.0,269216.0,2258222.0,8.2325,,supply,,,,4090.75
2023-05-04,20829.6,4.95,8503994.0,269216.0,2242399.0,8.2325,,supply,,,,4061.22
2023-05-05,20829.6,4.77,8503994.0,269216.0,2207415.0,8.2326,,supply,,,,4136.25
2023-05-06,20829.6,,8503994.0,269216.0,2207415.0,8.2326,,neutral,,,,4136.25
2023-05-07,20829.6,,8503994.0,269216.0,2207415.0,8.2326,,neutral,,,,4136.25
2023-05-08,20829.6,4.72,8503994.0,269216.0,2217601.0,8.2326,,neutral,,,,4138.12
2023-05-09,20829.6,4.74,8503994.0,269216.0,2222864.0,8.2326,,neutral,,,,4119.17
2023-05-10,20829.6,4.78,8503017.0,197666.0,2233149.0,8.3031,,supply,,,,4137.64
2023-05-11,20829.6,4.81,8503017.0,197666.0,2242243.0,8.3031,,neutral,,,,4130.62
2023-05-12,20829.6,4.76,8503017.0,197666.0,2229199.0,8.3031,,supply,,,,4124.08
2023-05-13,20829.6,,8503017.0,197666.0,2229199.0,8.3031,,neutral,,,,4124.08
2023-05-14,20829.6,,8503017.0,197666.0,2229199.0,8.3031,,neutral,,,,4124.08
2023-05-15,20829.6,4.77,8503017.0,197666.0,2220927.0,8.3031,,supply,,,,4136.28
2023-05-16,20829.6,4.79,8503017.0,197666.0,2203214.0,8.3031,,supply,,,,4109.9
2023-05-17,20829.6,4.75,8456760.0,116220.0,2213676.0,8.3383,,supply,,,,4158.77
2023-05-18,20829.6,4.69,8456760.0,116220.0,2238266.0,8.3383,,neutral,,,,4198.05
2023-05-19,20829.6,4.62,8456760.0,116220.0,2276720.0,8.3383,,neutral,,,,4191.98
2023-05-20,20829.6,4.62,8456760.0,116220.0,2276720.0,8.3383,,neutral,,,,4191.98
2023-05-21,20829.6,4.62,8456760.0,116220.0,2276720.0,8.3383,,neutral,,,,4191.98
2023-05-22,20829.6,4.54,8456760.0,116220.0,2275311.0,8.3383,,supply,,,,4192.63
2023-05-23,20829.6,4.6,8456760.0,116220.0,2256689.0,8.3383,,supply,,,,4145.58
2023-05-24,20829.6,4.68,8436255.0,61952.0,2250709.0,8.3721,,supply,,,,4115.24
2023-05-25,20829.6,4.58,8436255.0,61952.0,2197638.0,8.3721,,supply,,,,4151.28
2023-05-26,20829.6,4.53,8436255.0,61952.0,2189681.0,8.3721,,supply,,,,4205.45
2023-05-27,20829.6,4.53,8436255.0,61952.0,2189681.0,8.3721,,neutral,,,,4205.45
2023-05-28,20829.6,4.53,8436255.0,61952.0,2189681.0,8.3721,,neutral,,,,4205.45
2023-05-29,20829.6,4.54,8436255.0,61952.0,2189681.0,8.3721,,neutral,,,,4205.45
2023-05-30,20829.6,4.58,8436255.0,61952.0,2200479.0,8.3721,,neutral,,,,4205.52
2023-05-31,20829.6,4.69,8385854.0,48954.0,2254859.0,8.3346,,supply,,,,4179.83
2023-06-01,20799.3,4.65,8385854.0,48954.0,2160055.0,8.3347,,supply,,,,4221.02
2023-06-02,20799.3,4.37,8385854.0,48954.0,2142102.0,8.3348,,supply,,,,4282.37
2023-06-03,20799.3,4.37,8385854.0,48954.0,2142102.0,8.3348,,neutral,,,,4282.37
2023-06-04,20799.3,4.37,8385854.0,48954.0,2142102.0,8.3348,,neutral,,,,4282.37
2023-06-05,20799.3,4.39,8385854.0,48954.0,2131417.0,8.3348,,supply,,,,4273.79
2023-06-06,20799.3,4.39,8385854.0,48954.0,2134638.0,8.3348,,neutral,,,,4283.85
2023-06-07,20799.3,4.33,8389325.0,44756.0,2161556.0,8.3424,,supply,,,,4267.52
2023-06-08,20799.3,4.39,8389325.0,44756.0,2141798.0,8.3424,,supply,,,,4293.93
2023-06-09,20799.3,4.29,8389325.0,44756.0,2127652.0,8.3424,,supply,,,,4298.86
2023-06-10,20799.3,4.29,8389325.0,44756.0,2127652.0,8.3424,,neutral,,,,4298.86
2023-06-11,20799.3,4.29,8389325.0,44756.0,2127652.0,8.3424,,neutral,,,,4298.86
2023-06-12,20799.3,4.34,8389325.0,44756.0,2126870.0,8.3424,,supply,,,,4338.93
2023-06-13,20799.3,4.18,8389325.0,44756.0,2074520.0,8.3425,,supply,,,,4369.01
2023-06-14,20799.3,4.18,8388323.0,102118.0,2109105.0,8.2841,,absorb,,,,4372.59
2023-06-15,20799.3,4.21,8388323.0,102118.0,1992140.0,8.2842,,supply,,,,4425.84
2023-06-16,20799.3,4.15,8388323.0,102118.0,2011556.0,8.2842,,neutral,,,,4409.59
2023-06-17,20799.3,4.15,8388323.0,102118.0,2011556.0,8.2842,,neutral,,,,4409.59
2023-06-18,20799.3,4.15,8388323.0,102118.0,2011556.0,8.2842,,neutral,,,,4409.59
2023-06-19,20799.3,4.15,8388323.0,102118.0,2011556.0,8.2842,,neutral,,,,4409.59
2023-06-20,20799.3,4.22,8388323.0,102118.0,1989489.0,8.2842,,supply,,,,4388.71
2023-06-21,20799.3,4.32,8362060.0,276850.0,2037102.0,8.0832,,absorb,,,,4365.69
2023-06-22,20799.3,4.3,8362060.0,276850.0,1994711.0,8.0832,,supply,,,,4381.89
2023-06-23,20799.3,4.4,8362060.0,276850.0,1969380.0,8.0832,,supply,,,,4348.33
2023-06-24,20799.3,4.4,8362060.0,276850.0,1969380.0,8.0832,,neutral,,,,4348.33
2023-06-25,20799.3,4.4,8362060.0,276850.0,1969380.0,8.0832,,neutral,,,,4348.33
2023-06-26,20799.3,4.45,8362060.0,276850.0,1961027.0,8.0832,,supply,,,,4328.82
2023-06-27,20799.3,4.3,8362060.0,276850.0,1951098.0,8.0833,,supply,,,,4378.41
2023-06-28,20799.3,4.27,8340914.0,390571.0,1945211.0,7.9484,,supply,,,,4376.86
2023-06-29,20799.3,4.14,8340914.0,390571.0,1934684.0,7.9484,,supply,,,,4396.44
2023-06-30,20799.3,4.05,8340914.0,390571.0,2034319.0,7.9483,,neutral,,,,4450.38
2023-07-01,20791.2,4.05,8340914.0,390571.0,2034319.0,7.9483,,neutral,,,,4450.38
2023-07-02,20791.2,4.05,8340914.0,390571.0,2034319.0,7.9483,,neutral,,,,4450.38
2023-07-03,20791.2,3.99,8340914.0,390571.0,1909639.0,7.9484,,supply,,,,4455.59
2023-07-04,20791.2,3.99,8340914.0,390571.0,1909639.0,7.9484,,neutral,,,,4455.59
2023-07-05,20791.2,4.01,8298312.0,415441.0,1867061.0,7.881,,supply,,,,4446.82
2023-07-06,20791.2,4.1,8298312.0,415441.0,1854256.0,7.881,,supply,,,,4411.59
2023-07-07,20791.2,4.08,8298312.0,415441.0,1822303.0,7.881,,supply,,,,4398.95
2023-07-08,20791.2,4.08,8298312.0,415441.0,1822303.0,7.881,,neutral,,,,4398.95
2023-07-09,20791.2,4.08,8298312.0,415441.0,1822303.0,7.881,,neutral,,,,4398.95
2023-07-10,20791.2,4.13,8298312.0,415441.0,1811981.0,7.8811,,supply,,,,4409.53
2023-07-11,20791.2,4.05,8298312.0,415441.0,1775796.0,7.8811,,supply,,,,4439.26
2023-07-12,20791.2,3.95,8296923.0,514337.0,1820146.0,7.7808,,absorb,,,,4472.16
2023-07-13,20791.2,3.97,8296923.0,514337.0,1767432.0,7.7808,,supply,,,,4510.04
2023-07-14,20791.2,3.9,8296923.0,514337.0,1740777.0,7.7808,,supply,,,,4505.42
2023-07-15,20791.2,3.9,8296923.0,514337.0,1740777.0,7.7808,,neutral,,,,4505.42
2023-07-16,20791.2,3.9,8296923.0,514337.0,1740777.0,7.7808,,neutral,,,,4505.42
2023-07-17,20791.2,3.97,8296923.0,514337.0,1728322.0,7.7809,,supply,,,,4522.79
2023-07-18,20791.2,3.9,8296923.0,514337.0,1716862.0,7.7809,,supply,,,,4554.98
2023-07-19,20791.2,3.89,8274552.0,531135.0,1732804.0,7.7417,,absorb,,,,4565.72
2023-07-20,20791.2,3.9,8274552.0,531135.0,1721001.0,7.7417,,supply,,,,4534.87
2023-07-21,20791.2,3.89,8274552.0,531135.0,1770752.0,7.7416,,neutral,,,,4536.34
2023-07-22,20791.2,3.89,8274552.0,531135.0,1770752.0,7.7416,,neutral,,,,4536.34
2023-07-23,20791.2,3.89,8274552.0,531135.0,1770752.0,7.7416,,neutral,,,,4536.34
2023-07-24,20791.2,3.82,8274552.0,531135.0,1770867.0,7.7416,,neutral,,,,4554.64
2023-07-25,20791.2,3.84,8274552.0,531135.0,1720716.0,7.7417,,supply,,,,4567.46
2023-07-26,20791.2,3.91,8243344.0,543597.0,1749733.0,7.698,,absorb,,,,4566.75
2023-07-27,20791.2,3.78,8243344.0,543597.0,1735783.0,7.698,,supply,,,,4537.41
2023-07-28,20791.2,3.82,8243344.0,543597.0,1730227.0,7.698,,supply,,,,4582.23
2023-07-29,20791.2,3.82,8243344.0,543597.0,1730227.0,7.698,,neutral,,,,4582.23
2023-07-30,20791.2,3.82,8243344.0,543597.0,1730227.0,7.698,,neutral,,,,4582.23
2023-07-31,20791.2,3.79,8243344.0,543597.0,1821124.0,7.6979,,neutral,,,,4588.96
2023-08-01,20777.2,3.82,8243344.0,543597.0,1739554.0,7.698,,supply,,,,4576.73
2023-08-02,20777.2,3.96,8206764.0,517459.0,1770186.0,7.6875,,supply,,,,4513.39
2023-08-03,20777.2,3.98,8206764.0,517459.0,1776774.0,7.6875,,neutral,,,,4501.89
2023-08-04,20777.2,4.01,8206764.0,517459.0,1793804.0,7.6875,,neutral,,,,4478.03
2023-08-05,20777.2,4.01,8206764.0,517459.0,1793804.0,7.6875,,neutral,,,,4478.03
2023-08-06,20777.2,4.01,8206764.0,517459.0,1793804.0,7.6875,,neutral,,,,4478.03
2023-08-07,20777.2,3.97,8206764.0,517459.0,1810583.0,7.6875,,neutral,,,,4518.44
2023-08-08,20777.2,4.0,8206764.0,517459.0,1778351.0,7.6875,,supply,,,,4499.38
2023-08-09,20777.2,3.94,8208241.0,444594.0,1796519.0,7.7619,,supply,,,,4467.71
2023-08-10,20777.2,3.83,8208241.0,444594.0,1759897.0,7.7619,,supply,,,,4468.83
2023-08-11,20777.2,3.83,8208241.0,444594.0,1773236.0,7.7619,,neutral,,,,4464.05
2023-08-12,20777.2,3.83,8208241.0,444594.0,1773236.0,7.7619,,neutral,,,,4464.05
2023-08-13,20777.2,3.83,8208241.0,444594.0,1773236.0,7.7619,,neutral,,,,4464.05
2023-08-14,20777.2,3.79,8208241.0,444594.0,1799311.0,7.7618,,neutral,,,,4489.72
2023-08-15,20777.2,3.85,8208241.0,444594.0,1743784.0,7.7619,,supply,,,,4437.86
2023-08-16,20777.2,3.81,8145727.0,435795.0,1796725.0,7.7081,,supply,,,,4404.33
2023-08-17,20777.2,3.95,8145727.0,435795.0,1794120.0,7.7081,,supply,,,,4370.36
2023-08-18,20777.2,4.02,8145727.0,435795.0,1819201.0,7.7081,,neutral,,,,4369.71
2023-08-19,20777.2,4.02,8145727.0,435795.0,1819201.0,7.7081,,neutral,,,,4369.71
2023-08-20,20777.2,4.02,8145727.0,435795.0,1819201.0,7.7081,,neutral,,,,4369.71
2023-08-21,20777.2,3.97,8145727.0,435795.0,1824788.0,7.7081,,neutral,,,,4399.77
2023-08-22,20777.2,3.93,8145727.0,435795.0,1812294.0,7.7081,,supply,,,,4387.55
2023-08-23,20777.2,3.92,8139066.0,413787.0,1816533.0,7.7235,,supply,,,,4436.01
2023-08-24,20777.2,3.91,8139066.0,413787.0,1731623.0,7.7235,,supply,,,,4376.31
2023-08-25,20777.2,3.9,8139066.0,413787.0,1687379.0,7.7236,,supply,,,,4405.71
2023-08-26,20777.2,3.9,8139066.0,413787.0,1687379.0,7.7236,,neutral,,,,4405.71
2023-08-27,20777.2,3.9,8139066.0,413787.0,1687379.0,7.7236,,neutral,,,,4405.71
2023-08-28,20777.2,3.86,8139066.0,413787.0,1708605.0,7.7236,,neutral,,,,4433.31
2023-08-29,20777.2,3.87,8139066.0,413787.0,1693278.0,7.7236,,supply,,,,4497.63
2023-08-30,20777.2,3.8,8121316.0,470800.0,1696819.0,7.6488,,absorb,,,,4514.87
2023-08-31,20777.2,3.85,8121316.0,470800.0,1651602.0,7.6489,,supply,,,,4507.66
2023-09-01,20747.8,3.81,8121316.0,470800.0,1574065.0,7.6489,,supply,,,,4515.77
2023-09-02,20747.8,3.81,8121316.0,470800.0,1574065.0,7.6489,,neutral,,,,4515.77
2023-09-03,20747.8,3.81,8121316.0,470800.0,1574065.0,7.6489,,neutral,,,,4515.77
2023-09-04,20747.8,3.81,8121316.0,470800.0,1574065.0,7.6489,,neutral,,,,4515.77
2023-09-05,20747.8,3.83,8121316.0,470800.0,1568490.0,7.6489,,supply,,,,4496.83
2023-09-06,20747.8,3.86,8101318.0,470881.0,1606244.0,7.6288,,absorb,,,,4465.48
2023-09-07,20747.8,3.9,8101318.0,470881.0,1535289.0,7.6289,,supply,,,,4451.14
2023-09-08,20747.8,3.85,8101318.0,470881.0,1525403.0,7.6289,,supply,,,,4457.49
2023-09-09,20747.8,3.85,8101318.0,470881.0,1525403.0,7.6289,,neutral,,,,4457.49
2023-09-10,20747.8,3.85,8101318.0,470881.0,1525403.0,7.6289,,neutral,,,,4457.49
2023-09-11,20747.8,3.82,8101318.0,470881.0,1549111.0,7.6289,,neutral,,,,4487.46
2023-09-12,20747.8,3.84,8101318.0,470881.0,1493781.0,7.6289,,supply,,,,4461.9
2023-09-13,20747.8,3.85,8098779.0,521507.0,1546225.0,7.5757,,absorb,,,,4467.44
2023-09-14,20747.8,3.78,8098779.0,521507.0,1492427.0,7.5758,,supply,,,,4505.1
2023-09-15,20747.8,3.79,8098779.0,521507.0,1401403.0,7.5759,,supply,,,,4450.32
2023-09-16,20747.8,3.79,8098779.0,521507.0,1401403.0,7.5759,,neutral,,,,4450.32
2023-09-17,20747.8,3.79,8098779.0,521507.0,1401403.0,7.5759,,neutral,,,,4450.32
2023-09-18,20747.8,3.82,8098779.0,521507.0,1452942.0,7.5758,,neutral,,,,4453.53
2023-09-19,20747.8,3.82,8098779.0,521507.0,1453324.0,7.5758,,neutral,,,,4443.95
2023-09-20,20747.8,3.77,8024090.0,640296.0,1486984.0,7.3823,,absorb,,,,4402.2
2023-09-21,20747.8,3.89,8024090.0,640296.0,1454115.0,7.3823,,supply,,,,4330.0
2023-09-22,20747.8,3.93,8024090.0,640296.0,1427575.0,7.3824,,supply,,,,4320.06
2023-09-23,20747.8,3.93,8024090.0,640296.0,1427575.0,7.3824,,neutral,,,,4320.06
2023-09-24,20747.8,3.93,8024090.0,640296.0,1427575.0,7.3824,,neutral,,,,4320.06
2023-09-25,20747.8,3.97,8024090.0,640296.0,1437310.0,7.3824,,neutral,,,,4337.44
2023-09-26,20747.8,4.04,8024090.0,640296.0,1438301.0,7.3824,,neutral,,,,4273.53
2023-09-27,20747.8,4.03,8002064.0,681143.0,1442805.0,7.3195,,absorb,,,,4274.51
2023-09-28,20747.8,4.09,8002064.0,681143.0,1453366.0,7.3195,,neutral,,,,4299.7
2023-09-29,20747.8,4.03,8002064.0,681143.0,1557569.0,7.3194,,neutral,,,,4288.05
2023-09-30,20747.8,4.03,8002064.0,681143.0,1557569.0,7.3194,,neutral,,,,4288.05
2023-10-01,20732.9,4.03,8002064.0,681143.0,1557569.0,7.3194,,neutral,,,,4288.05
2023-10-02,20732.9,4.11,8002064.0,681143.0,1365739.0,7.3196,,supply,,,,4288.39
2023-10-03,20732.9,4.26,8002064.0,681143.0,1348465.0,7.3196,,supply,,,,4229.45
2023-10-04,20732.9,4.37,7955782.0,668009.0,1342031.0,7.2864,,supply,,,,4263.75
2023-10-05,20732.9,4.38,7955782.0,668009.0,1265132.0,7.2865,,supply,,,,4258.19
2023-10-06,20732.9,4.33,7955782.0,668009.0,1283461.0,7.2865,,neutral,,,,4308.5
2023-10-07,20732.9,4.33,7955782.0,668009.0,1283461.0,7.2865,,neutral,,,,4308.5
2023-10-08,20732.9,4.33,7955782.0,668009.0,1283461.0,7.2865,,neutral,,,,4308.5
2023-10-09,20732.9,4.34,7955782.0,668009.0,1283461.0,7.2865,,neutral,,,,4335.66
2023-10-10,20732.9,4.26,7955782.0,668009.0,1222440.0,7.2866,,supply,,,,4358.24
2023-10-11,20732.9,4.25,7952054.0,709160.0,1239382.0,7.2417,,absorb,,,,4376.95
2023-10-12,20732.9,4.25,7952054.0,709160.0,1157319.0,7.2417,,supply,,,,4349.61
2023-10-13,20732.9,4.3,7952054.0,709160.0,1151818.0,7.2417,,supply,,,,4327.78
2023-10-14,20732.9,4.3,7952054.0,709160.0,1151818.0,7.2417,,neutral,,,,4327.78
2023-10-15,20732.9,4.3,7952054.0,709160.0,1151818.0,7.2417,,neutral,,,,4327.78
2023-10-16,20732.9,4.27,7952054.0,709160.0,1108819.0,7.2418,,supply,,,,4373.63
2023-10-17,20732.9,4.25,7952054.0,709160.0,1082502.0,7.2418,,supply,,,,4373.2
2023-10-18,20732.9,4.32,7933162.0,759878.0,1150781.0,7.1721,,absorb,,,,4314.6
2023-10-19,20732.9,4.37,7933162.0,759878.0,1114179.0,7.1722,,supply,,,,4278.0
2023-10-20,20732.9,4.52,7933162.0,759878.0,1138756.0,7.1721,,neutral,,,,4224.16
2023-10-21,20732.9,4.52,7933162.0,759878.0,1138756.0,7.1721,,neutral,,,,4224.16
2023-10-22,20732.9,4.52,7933162.0,759878.0,1138756.0,7.1721,,neutral,,,,4224.16
2023-10-23,20732.9,4.51,7933162.0,759878.0,1157976.0,7.1721,,neutral,,,,4217.04
2023-10-24,20732.9,4.41,7933162.0,759878.0,1097875.0,7.1722,,supply,,,,4247.68
2023-10-25,20732.9,4.37,7907830.0,834418.0,1100617.0,7.0723,,absorb,,,,4186.77
2023-10-26,20732.9,4.5,7907830.0,834418.0,1089850.0,7.0723,,supply,,,,4137.23
2023-10-27,20732.9,4.53,7907830.0,834418.0,1091858.0,7.0723,,neutral,,,,4117.37
2023-10-28,20732.9,4.53,7907830.0,834418.0,1091858.0,7.0723,,neutral,,,,4117.37
2023-10-29,20732.9,4.53,7907830.0,834418.0,1091858.0,7.0723,,neutral,,,,4117.37
2023-10-30,20732.9,4.5,7907830.0,834418.0,1138035.0,7.0723,,neutral,,,,4166.82
2023-10-31,20732.9,4.42,7907830.0,834418.0,1137697.0,7.0723,,supply,,,,4193.8
2023-11-01,20746.5,4.47,7866664.0,820487.0,1079462.0,7.0451,,supply,,,,4237.86
2023-11-02,20746.5,4.15,7866664.0,820487.0,1054986.0,7.0451,,supply,,,,4317.78
2023-11-03,20746.5,4.04,7866664.0,820487.0,1071139.0,7.0451,,neutral,,,,4358.34
2023-11-04,20746.5,4.04,7866664.0,820487.0,1071139.0,7.0451,,neutral,,,,4358.34
2023-11-05,20746.5,4.04,7866664.0,820487.0,1071139.0,7.0451,,neutral,,,,4358.34
2023-11-06,20746.5,4.0,7866664.0,820487.0,1062878.0,7.0451,,supply,,,,4365.98
2023-11-07,20746.5,4.08,7866664.0,820487.0,1008685.0,7.0452,,supply,,,,4378.38
2023-11-08,20746.5,4.08,7860691.0,772686.0,1024451.0,7.087,,supply,,,,4382.78
2023-11-09,20746.5,4.04,7860691.0,772686.0,993314.0,7.087,,supply,,,,4347.35
2023-11-10,20746.5,4.03,7860691.0,772686.0,1032720.0,7.087,,neutral,,,,4415.24
2023-11-11,20746.5,4.03,7860691.0,772686.0,1032720.0,7.087,,neutral,,,,4415.24
2023-11-12,20746.5,4.03,7860691.0,772686.0,1032720.0,7.087,,neutral,,,,4415.24
2023-11-13,20746.5,4.03,7860691.0,772686.0,1020272.0,7.087,,supply,,,,4411.55
2023-11-14,20746.5,3.92,7860691.0,772686.0,988298.0,7.087,,supply,,,,4495.7
2023-11-15,20746.5,3.89,7814991.0,738562.0,944241.0,7.0755,,supply,,,,4502.88
2023-11-16,20746.5,4.02,7814991.0,738562.0,912010.0,7.0755,,supply,,,,4508.24
2023-11-17,20746.5,3.99,7814991.0,738562.0,935803.0,7.0755,,neutral,,,,4514.02
2023-11-18,20746.5,3.99,7814991.0,738562.0,935803.0,7.0755,,neutral,,,,4514.02
2023-11-19,20746.5,3.99,7814991.0,738562.0,935803.0,7.0755,,neutral,,,,4514.02
2023-11-20,20746.5,3.92,7814991.0,738562.0,953088.0,7.0755,,neutral,,,,4547.38
2023-11-21,20746.5,3.95,7814991.0,738562.0,931155.0,7.0755,,supply,,,,4538.19
2023-11-22,20746.5,3.9,7810814.0,706017.0,931604.0,7.1039,,supply,,,,4556.62
2023-11-23,20746.5,3.9,7810814.0,706017.0,931604.0,7.1039,,neutral,,,,4556.62
2023-11-24,20746.5,3.85,7810814.0,706017.0,865907.0,7.1039,,supply,,,,4559.34
2023-11-25,20746.5,3.85,7810814.0,706017.0,865907.0,7.1039,,neutral,,,,4559.34
2023-11-26,20746.5,3.85,7810814.0,706017.0,865907.0,7.1039,,neutral,,,,4559.34
2023-11-27,20746.5,3.89,7810814.0,706017.0,867220.0,7.1039,,neutral,,,,4550.43
2023-11-28,20746.5,3.9,7810814.0,706017.0,873344.0,7.1039,,neutral,,,,4554.89
2023-11-29,20746.5,3.8,7796145.0,739209.0,914187.0,7.056,,absorb,,,,4550.58
2023-11-30,20746.5,3.84,7796145.0,739209.0,887822.0,7.056,,supply,,,,4567.8
2023-12-01,20777.9,3.87,7796145.0,739209.0,768543.0,7.0562,,supply,,,,4594.63
2023-12-02,20777.9,3.87,7796145.0,739209.0,768543.0,7.0562,,neutral,,,,4594.63
2023-12-03,20777.9,3.87,7796145.0,739209.0,768543.0,7.0562,,neutral,,,,4594.63
2023-12-04,20777.9,3.8,7796145.0,739209.0,815847.0,7.0561,,neutral,,,,4569.78
2023-12-05,20777.9,3.8,7796145.0,739209.0,834428.0,7.0561,,neutral,,,,4567.18
2023-12-06,20777.9,3.79,7737385.0,682509.0,846498.0,7.054,,supply,,,,4549.34
2023-12-07,20777.9,3.77,7737385.0,682509.0,825734.0,7.0541,,supply,,,,4585.59
2023-12-08,20777.9,3.75,7737385.0,682509.0,821408.0,7.0541,,supply,,,,4604.37
2023-12-09,20777.9,3.75,7737385.0,682509.0,821408.0,7.0541,,neutral,,,,4604.37
2023-12-10,20777.9,3.75,7737385.0,682509.0,821408.0,7.0541,,neutral,,,,4604.37
2023-12-11,20777.9,3.79,7737385.0,682509.0,838507.0,7.054,,neutral,,,,4622.44
2023-12-12,20777.9,3.76,7737385.0,682509.0,837803.0,7.054,,supply,,,,4643.7
2023-12-13,20777.9,3.79,7739566.0,658440.0,823329.0,7.0803,,supply,,,,4707.09
2023-12-14,20777.9,3.47,7739566.0,658440.0,769346.0,7.0804,,supply,,,,4719.55
2023-12-15,20777.9,3.51,7739566.0,658440.0,683254.0,7.0804,,supply,,,,4719.19
2023-12-16,20777.9,3.51,7739566.0,658440.0,683254.0,7.0804,,neutral,,,,4719.19
2023-12-17,20777.9,3.51,7739566.0,658440.0,683254.0,7.0804,,neutral,,,,4719.19
2023-12-18,20777.9,3.51,7739566.0,658440.0,724704.0,7.0804,,neutral,,,,4740.56
2023-12-19,20777.9,3.46,7739566.0,658440.0,773082.0,7.0804,,neutral,,,,4768.37
2023-12-20,20777.9,3.43,7724063.0,732196.0,779143.0,6.9911,,absorb,,,,4698.35
2023-12-21,20777.9,3.41,7724063.0,732196.0,778402.0,6.9911,,supply,,,,4746.75
2023-12-22,20777.9,3.39,7724063.0,732196.0,772258.0,6.9911,,supply,,,,4754.63
2023-12-23,20777.9,3.39,7724063.0,732196.0,772258.0,6.9911,,neutral,,,,4754.63
2023-12-24,20777.9,3.39,7724063.0,732196.0,772258.0,6.9911,,neutral,,,,4754.63
2023-12-25,20777.9,3.39,7724063.0,732196.0,772258.0,6.9911,,neutral,,,,4754.63
2023-12-26,20777.9,3.37,7724063.0,732196.0,793937.0,6.9911,,neutral,,,,4774.75
2023-12-27,20777.9,3.34,7712781.0,731405.0,818869.0,6.9806,,supply,,,,4781.58
2023-12-28,20777.9,3.32,7712781.0,731405.0,829573.0,6.9805,,neutral,,,,4783.35
2023-12-29,20777.9,3.34,7712781.0,731405.0,1018483.0,6.9804,,neutral,,,,4769.83
2023-12-30,20777.9,3.34,7712781.0,731405.0,1018483.0,6.9804,,neutral,,,,4769.83
2023-12-31,20777.9,3.39,7712781.0,731405.0,1018483.0,6.9804,,neutral,,,,4769.83
2024-01-01,20843.9,3.39,7712781.0,731405.0,1018483.0,6.9804,,neutral,,,,4769.83
2024-01-02,20843.9,3.54,7712781.0,731405.0,704864.0,6.9807,,supply,,,,4742.83
2024-01-03,20843.9,3.71,7681024.0,758448.0,719897.0,6.9219,,absorb,,,,4704.81
2024-01-04,20843.9,3.69,7681024.0,758448.0,664899.0,6.9219,,supply,,,,4688.68
2024-01-05,20843.9,3.68,7681024.0,758448.0,694478.0,6.9219,,neutral,,,,4697.24
2024-01-06,20843.9,3.68,7681024.0,758448.0,694478.0,6.9219,,neutral,,,,4697.24
2024-01-07,20843.9,3.68,7681024.0,758448.0,694478.0,6.9219,,neutral,,,,4697.24
2024-01-08,20843.9,3.63,7681024.0,758448.0,691485.0,6.9219,,supply,,,,4763.54
2024-01-09,20843.9,3.59,7681024.0,758448.0,676050.0,6.9219,,supply,,,,4756.5
2024-01-10,20843.9,3.5,7686710.0,747565.0,679961.0,6.9385,,supply,,,,4783.45
2024-01-11,20843.9,3.55,7686710.0,747565.0,626370.0,6.9385,,supply,,,,4780.24
2024-01-12,20843.9,3.56,7686710.0,747565.0,603116.0,6.9385,,supply,,,,4783.83
2024-01-13,20843.9,3.56,7686710.0,747565.0,603116.0,6.9385,,neutral,,,,4783.83
2024-01-14,20843.9,3.56,7686710.0,747565.0,603116.0,6.9385,,neutral,,,,4783.83
2024-01-15,20843.9,3.54,7686710.0,747565.0,603116.0,6.9385,,neutral,,,,4783.83
2024-01-16,20843.9,3.58,7686710.0,747565.0,583103.0,6.9386,,supply,,,,4765.98
2024-01-17,20843.9,3.62,7673741.0,748883.0,590191.0,6.9243,,absorb,,,,4739.21
2024-01-18,20843.9,3.58,7673741.0,748883.0,618234.0,6.9242,,neutral,,,,4780.94
2024-01-19,20843.9,3.54,7673741.0,748883.0,625182.0,6.9242,,neutral,,,,4839.81
2024-01-20,20843.9,3.54,7673741.0,748883.0,625182.0,6.9242,,neutral,,,,4839.81
2024-01-21,20843.9,3.54,7673741.0,748883.0,625182.0,6.9242,,neutral,,,,4839.81
2024-01-22,20843.9,3.49,7673741.0,748883.0,647103.0,6.9242,,neutral,,,,4850.43
2024-01-23,20843.9,3.51,7673741.0,748883.0,621195.0,6.9242,,supply,,,,4864.6
2024-01-24,20843.9,3.44,7677230.0,799358.0,639560.0,6.8772,,absorb,,,,4868.55
2024-01-25,20843.9,3.45,7677230.0,799358.0,557687.0,6.8773,,supply,,,,4894.16
2024-01-26,20843.9,3.39,7677230.0,799358.0,570828.0,6.8773,,neutral,,,,4890.97
2024-01-27,20843.9,3.39,7677230.0,799358.0,570828.0,6.8773,,neutral,,,,4890.97
2024-01-28,20843.9,3.39,7677230.0,799358.0,570828.0,6.8773,,neutral,,,,4890.97
2024-01-29,20843.9,3.41,7677230.0,799358.0,581410.0,6.8773,,neutral,,,,4927.93
2024-01-30,20843.9,3.42,7677230.0,799358.0,577755.0,6.8773,,supply,,,,4924.97
2024-01-31,20843.9,3.59,7630124.0,841550.0,615379.0,6.788,,absorb,,,,4845.65
2024-02-01,20927.4,3.56,7630124.0,841550.0,503548.0,6.7881,,supply,,,,4906.19
2024-02-02,20927.4,3.47,7630124.0,841550.0,513422.0,6.7881,,neutral,,,,4958.61
2024-02-03,20927.4,3.47,7630124.0,841550.0,513422.0,6.7881,,neutral,,,,4958.61
2024-02-04,20927.4,3.47,7630124.0,841550.0,513422.0,6.7881,,neutral,,,,4958.61
2024-02-05,20927.4,3.5,7630124.0,841550.0,552289.0,6.788,,neutral,,,,4942.81
2024-02-06,20927.4,3.52,7630124.0,841550.0,532439.0,6.788,,supply,,,,4954.23
2024-02-07,20927.4,3.43,7631300.0,802135.0,553055.0,6.8286,,supply,,,,4995.06
2024-02-08,20927.4,3.38,7631300.0,802135.0,535705.0,6.8286,,supply,,,,4997.91
2024-02-09,20927.4,3.33,7631300.0,802135.0,569175.0,6.8286,,neutral,,,,5026.61
2024-02-10,20927.4,3.33,7631300.0,802135.0,569175.0,6.8286,,neutral,,,,5026.61
2024-02-11,20927.4,3.33,7631300.0,802135.0,569175.0,6.8286,,neutral,,,,5026.61
2024-02-12,20927.4,3.35,7631300.0,802135.0,581568.0,6.8286,,neutral,,,,5021.84
2024-02-13,20927.4,3.36,7631300.0,802135.0,553684.0,6.8286,,supply,,,,4953.17
2024-02-14,20927.4,3.38,7633874.0,838005.0,575332.0,6.7953,,absorb,,,,5000.62
2024-02-15,20927.4,3.35,7633874.0,838005.0,493065.0,6.7954,,supply,,,,5029.73
2024-02-16,20927.4,3.34,7633874.0,838005.0,532125.0,6.7953,,neutral,,,,5005.57
2024-02-17,20927.4,3.34,7633874.0,838005.0,532125.0,6.7953,,neutral,,,,5005.57
2024-02-18,20927.4,3.34,7633874.0,838005.0,532125.0,6.7953,,neutral,,,,5005.57
2024-02-19,20927.4,3.34,7633874.0,838005.0,532125.0,6.7953,,neutral,,,,5005.57
2024-02-20,20927.4,3.37,7633874.0,838005.0,530879.0,6.7953,,supply,,,,4975.51
2024-02-21,20927.4,3.34,7581683.0,785465.0,574882.0,6.7956,,supply,,,,4981.8
2024-02-22,20927.4,3.22,7581683.0,785465.0,553245.0,6.7957,,supply,,,,5087.03
2024-02-23,20927.4,3.23,7581683.0,785465.0,520107.0,6.7957,,supply,,,,5088.8
2024-02-24,20927.4,3.23,7581683.0,785465.0,520107.0,6.7957,,neutral,,,,5088.8
2024-02-25,20927.4,3.23,7581683.0,785465.0,520107.0,6.7957,,neutral,,,,5088.8
2024-02-26,20927.4,3.23,7581683.0,785465.0,524959.0,6.7957,,neutral,,,,5069.53
2024-02-27,20927.4,3.26,7581683.0,785465.0,519725.0,6.7957,,supply,,,,5078.18
2024-02-28,20927.4,3.31,7567807.0,785821.0,569855.0,6.7814,,absorb,,,,5069.76
2024-02-29,20927.4,3.29,7567807.0,785821.0,502074.0,6.7815,,supply,,,,5096.27
2024-03-01,20973.9,3.32,7567807.0,785821.0,441265.0,6.7815,,supply,,,,5137.08
2024-03-02,20973.9,3.32,7567807.0,785821.0,441265.0,6.7815,,neutral,,,,5137.08
2024-03-03,20973.9,3.32,7567807.0,785821.0,441265.0,6.7815,,neutral,,,,5137.08
2024-03-04,20973.9,3.26,7567807.0,785821.0,439793.0,6.7815,,supply,,,,5130.95
2024-03-05,20973.9,3.31,7567807.0,785821.0,444474.0,6.7815,,neutral,,,,5078.65
2024-03-06,20973.9,3.27,7538857.0,767733.0,456847.0,6.7707,,supply,,,,5104.76
2024-03-07,20973.9,3.27,7538857.0,767733.0,436754.0,6.7707,,supply,,,,5157.36
2024-03-08,20973.9,3.26,7538857.0,767733.0,444803.0,6.7707,,neutral,,,,5123.69
2024-03-09,20973.9,3.26,7538857.0,767733.0,444803.0,6.7707,,neutral,,,,5123.69
2024-03-10,20973.9,3.26,7538857.0,767733.0,444803.0,6.7707,,neutral,,,,5123.69
2024-03-11,20973.9,3.26,7538857.0,767733.0,478728.0,6.7706,,neutral,,,,5117.94
2024-03-12,20973.9,3.2,7538857.0,767733.0,476862.0,6.7706,,supply,,,,5175.27
2024-03-13,20973.9,3.15,7541969.0,768369.0,521738.0,6.7731,,absorb,,,,5165.31
2024-03-14,20973.9,3.15,7541969.0,768369.0,483573.0,6.7731,,supply,,,,5150.48
2024-03-15,20973.9,3.16,7541969.0,768369.0,413877.0,6.7732,,supply,,,,5117.09
2024-03-16,20973.9,3.16,7541969.0,768369.0,413877.0,6.7732,,neutral,,,,5117.09
2024-03-17,20973.9,3.16,7541969.0,768369.0,413877.0,6.7732,,neutral,,,,5117.09
2024-03-18,20973.9,3.13,7541969.0,768369.0,440596.0,6.7732,,neutral,,,,5149.42
2024-03-19,20973.9,3.1,7541969.0,768369.0,446978.0,6.7732,,neutral,,,,5178.51
2024-03-20,20973.9,3.14,7514348.0,809298.0,496245.0,6.7046,,absorb,,,,5224.62
2024-03-21,20973.9,3.05,7514348.0,809298.0,460631.0,6.7046,,supply,,,,5241.53
2024-03-22,20973.9,3.08,7514348.0,809298.0,478531.0,6.7046,,neutral,,,,5234.18
2024-03-23,20973.9,3.08,7514348.0,809298.0,478531.0,6.7046,,neutral,,,,5234.18
2024-03-24,20973.9,3.08,7514348.0,809298.0,478531.0,6.7046,,neutral,,,,5234.18
2024-03-25,20973.9,3.11,7514348.0,809298.0,473787.0,6.7046,,supply,,,,5218.19
2024-03-26,20973.9,3.15,7514348.0,809298.0,496062.0,6.7046,,neutral,,,,5203.58
2024-03-27,20973.9,3.15,7484739.0,802233.0,518357.0,6.682,,supply,,,,5248.49
2024-03-28,20973.9,3.12,7484739.0,802233.0,594428.0,6.6819,,neutral,,,,5254.35
2024-03-29,20973.9,3.12,7484739.0,802233.0,594428.0,6.6819,,neutral,,,,5254.35
2024-03-30,20973.9,3.12,7484739.0,802233.0,594428.0,6.6819,,neutral,,,,5254.35
2024-03-31,20973.9,3.15,7484739.0,802233.0,594428.0,6.6819,,neutral,,,,5254.35
2024-04-01,20959.7,3.12,7484739.0,802233.0,441903.0,6.6821,,supply,,,,5243.77
2024-04-02,20959.7,3.23,7484739.0,802233.0,448424.0,6.6821,,neutral,,,,5205.81
2024-04-03,20959.7,3.23,7439558.0,768651.0,436631.0,6.6705,,supply,,,,5211.49
2024-04-04,20959.7,3.24,7439558.0,768651.0,438764.0,6.6705,,neutral,,,,5147.21
2024-04-05,20959.7,3.18,7439558.0,768651.0,438319.0,6.6705,,supply,,,,5204.34
2024-04-06,20959.7,3.18,7439558.0,768651.0,438319.0,6.6705,,neutral,,,,5204.34
2024-04-07,20959.7,3.18,7439558.0,768651.0,438319.0,6.6705,,neutral,,,,5204.34
2024-04-08,20959.7,3.15,7439558.0,768651.0,448597.0,6.6705,,neutral,,,,5202.39
2024-04-09,20959.7,3.14,7439558.0,768651.0,441792.0,6.6705,,supply,,,,5209.91
2024-04-10,20959.7,3.1,7438176.0,704971.0,445816.0,6.7328,,supply,,,,5160.64
2024-04-11,20959.7,3.16,7438176.0,704971.0,455361.0,6.7327,,neutral,,,,5199.06
2024-04-12,20959.7,3.25,7438176.0,704971.0,407322.0,6.7328,,supply,,,,5123.41
2024-04-13,20959.7,3.25,7438176.0,704971.0,407322.0,6.7328,,neutral,,,,5123.41
2024-04-14,20959.7,3.25,7438176.0,704971.0,407322.0,6.7328,,neutral,,,,5123.41
2024-04-15,20959.7,3.28,7438176.0,704971.0,327066.0,6.7329,,supply,,,,5061.82
2024-04-16,20959.7,3.36,7438176.0,704971.0,371554.0,6.7328,,neutral,,,,5051.41
2024-04-17,20959.7,3.42,7405506.0,796535.0,440508.0,6.6085,,absorb,,,,5022.21
2024-04-18,20959.7,3.39,7405506.0,796535.0,433006.0,6.6085,,supply,,,,5011.12
2024-04-19,20959.7,3.37,7405506.0,796535.0,397234.0,6.6086,,supply,,,,4967.23
2024-04-20,20959.7,3.37,7405506.0,796535.0,397234.0,6.6086,,neutral,,,,4967.23
2024-04-21,20959.7,3.37,7405506.0,796535.0,397234.0,6.6086,,neutral,,,,4967.23
2024-04-22,20959.7,3.29,7405506.0,796535.0,409816.0,6.6086,,neutral,,,,5010.6
2024-04-23,20959.7,3.2,7405506.0,796535.0,435880.0,6.6085,,neutral,,,,5070.55
2024-04-24,20959.7,3.19,7402434.0,941430.0,441215.0,6.4606,,absorb,,,,5071.63
2024-04-25,20959.7,3.24,7402434.0,941430.0,443928.0,6.4606,,neutral,,,,5048.42
2024-04-26,20959.7,3.16,7402434.0,941430.0,464912.0,6.4605,,neutral,,,,5099.96
2024-04-27,20959.7,3.16,7402434.0,941430.0,464912.0,6.4605,,neutral,,,,5099.96
2024-04-28,20959.7,3.16,7402434.0,941430.0,464912.0,6.4605,,neutral,,,,5099.96
2024-04-29,20959.7,3.12,7402434.0,941430.0,505530.0,6.4605,,neutral,,,,5116.17
2024-04-30,20959.7,3.18,7402434.0,941430.0,534234.0,6.4605,,neutral,,,,5035.69
2024-05-01,21020.6,3.21,7362474.0,917177.0,438148.0,6.4449,,supply,,,,5018.39
2024-05-02,21020.6,3.16,7362474.0,917177.0,428680.0,6.4449,,supply,,,,5064.2
2024-05-03,21020.6,3.08,7362474.0,917177.0,450165.0,6.4448,,neutral,,,,5127.79
2024-05-04,21020.6,3.08,7362474.0,917177.0,450165.0,6.4448,,neutral,,,,5127.79
2024-05-05,21020.6,3.08,7362474.0,917177.0,450165.0,6.4448,,neutral,,,,5127.79
2024-05-06,21020.6,3.03,7362474.0,917177.0,468970.0,6.4448,,neutral,,,,5180.74
2024-05-07,21020.6,3.06,7362474.0,917177.0,475325.0,6.4448,,neutral,,,,5187.7
2024-05-08,21020.6,3.1,7353408.0,851591.0,493427.0,6.5013,,supply,,,,5187.67
2024-05-09,21020.6,3.14,7353408.0,851591.0,458550.0,6.5014,,supply,,,,5214.08
2024-05-10,21020.6,3.12,7353408.0,851591.0,486434.0,6.5013,,neutral,,,,5222.68
2024-05-11,21020.6,3.12,7353408.0,851591.0,486434.0,6.5013,,neutral,,,,5222.68
2024-05-12,21020.6,3.12,7353408.0,851591.0,486434.0,6.5013,,neutral,,,,5222.68
2024-05-13,21020.6,3.14,7353408.0,851591.0,492068.0,6.5013,,neutral,,,,5221.42
2024-05-14,21020.6,3.14,7353408.0,851591.0,468344.0,6.5013,,supply,,,,5246.68
2024-05-15,21020.6,3.13,7304272.0,787133.0,443779.0,6.5167,,supply,,,,5308.15
2024-05-16,21020.6,3.08,7304272.0,787133.0,410121.0,6.5167,,supply,,,,5297.1
2024-05-17,21020.6,3.09,7304272.0,787133.0,449373.0,6.5167,,neutral,,,,5303.27
2024-05-18,21020.6,3.09,7304272.0,787133.0,449373.0,6.5167,,neutral,,,,5303.27
2024-05-19,21020.6,3.09,7304272.0,787133.0,449373.0,6.5167,,neutral,,,,5303.27
2024-05-20,21020.6,3.07,7304272.0,787133.0,489728.0,6.5166,,neutral,,,,5308.13
2024-05-21,21020.6,3.07,7304272.0,787133.0,491720.0,6.5166,,neutral,,,,5321.41
2024-05-22,21020.6,3.11,7299566.0,725376.0,496382.0,6.5737,,supply,,,,5307.01
2024-05-23,21020.6,3.1,7299566.0,725376.0,467398.0,6.5737,,supply,,,,5267.84
2024-05-24,21020.6,3.11,7299566.0,725376.0,431239.0,6.5738,,supply,,,,5304.72
2024-05-25,21020.6,3.11,7299566.0,725376.0,431239.0,6.5738,,neutral,,,,5304.72
2024-05-26,21020.6,3.11,7299566.0,725376.0,431239.0,6.5738,,neutral,,,,5304.72
2024-05-27,21020.6,3.12,7299566.0,725376.0,431239.0,6.5738,,neutral,,,,5304.72
2024-05-28,21020.6,3.09,7299566.0,725376.0,417836.0,6.5738,,supply,,,,5306.04
2024-05-29,21020.6,3.15,7284319.0,704335.0,459314.0,6.5795,,supply,,,,5266.95
2024-05-30,21020.6,3.19,7284319.0,704335.0,452034.0,6.5795,,supply,,,,5235.48
2024-05-31,21020.6,3.2,7284319.0,704335.0,439806.0,6.5795,,supply,,,,5277.51
2024-06-01,21068.4,3.2,7284319.0,704335.0,439806.0,6.5795,,neutral,,,,5277.51
2024-06-02,21068.4,3.2,7284319.0,704335.0,439806.0,6.5795,,neutral,,,,5277.51
2024-06-03,21068.4,3.17,7284319.0,704335.0,387069.0,6.5796,,supply,,,,5283.4
2024-06-04,21068.4,3.22,7284319.0,704335.0,377825.0,6.5796,,supply,,,,5291.34
2024-06-05,21068.4,3.2,7255687.0,710309.0,371841.0,6.545,,supply,,,,5354.03
2024-06-06,21068.4,3.2,7255687.0,710309.0,378125.0,6.545,,neutral,,,,5352.96
2024-06-07,21068.4,3.15,7255687.0,710309.0,395462.0,6.545,,neutral,,,,5346.99
2024-06-08,21068.4,3.15,7255687.0,710309.0,395462.0,6.545,,neutral,,,,5346.99
2024-06-09,21068.4,3.15,7255687.0,710309.0,395462.0,6.545,,neutral,,,,5346.99
2024-06-10,21068.4,3.15,7255687.0,710309.0,416481.0,6.545,,neutral,,,,5360.79
2024-06-11,21068.4,3.19,7255687.0,710309.0,410449.0,6.545,,supply,,,,5375.32
2024-06-12,21068.4,3.09,7258974.0,673573.0,447574.0,6.585,,supply,,,,5421.03
2024-06-13,21068.4,3.2,7258974.0,673573.0,429864.0,6.585,,supply,,,,5433.74
2024-06-14,21068.4,3.29,7258974.0,673573.0,386885.0,6.585,,supply,,,,5431.6
2024-06-15,21068.4,3.29,7258974.0,673573.0,386885.0,6.585,,neutral,,,,5431.6
2024-06-16,21068.4,3.29,7258974.0,673573.0,386885.0,6.585,,neutral,,,,5431.6
2024-06-17,21068.4,3.26,7258974.0,673573.0,333429.0,6.5851,,supply,,,,5473.23
2024-06-18,21068.4,3.24,7258974.0,673573.0,375542.0,6.585,,neutral,,,,5487.03
2024-06-19,21068.4,3.24,7252542.0,723410.0,375542.0,6.5288,,neutral,,,,5487.03
2024-06-20,21068.4,3.23,7252542.0,723410.0,388841.0,6.5287,,neutral,,,,5473.17
2024-06-21,21068.4,3.21,7252542.0,723410.0,421040.0,6.5287,,neutral,,,,5464.62
2024-06-22,21068.4,3.21,7252542.0,723410.0,421040.0,6.5287,,neutral,,,,5464.62
2024-06-23,21068.4,3.21,7252542.0,723410.0,421040.0,6.5287,,neutral,,,,5464.62
2024-06-24,21068.4,3.19,7252542.0,723410.0,435916.0,6.5287,,neutral,,,,5447.87
2024-06-25,21068.4,3.19,7252542.0,723410.0,466310.0,6.5287,,neutral,,,,5469.3
2024-06-26,21068.4,3.18,7231163.0,765417.0,490156.0,6.4653,,absorb,,,,5477.9
2024-06-27,21068.4,3.21,7231163.0,765417.0,531692.0,6.4652,,neutral,,,,5482.87
2024-06-28,21068.4,3.18,7231163.0,765417.0,664570.0,6.4651,,neutral,,,,5460.48
2024-06-29,21068.4,3.18,7231163.0,765417.0,664570.0,6.4651,,neutral,,,,5460.48
2024-06-30,21068.4,3.21,7231163.0,765417.0,664570.0,6.4651,,neutral,,,,5460.48
2024-07-01,21095.3,3.21,7231163.0,765417.0,451783.0,6.4653,,supply,,,,5475.09
2024-07-02,21095.3,3.23,7231163.0,765417.0,443369.0,6.4653,,supply,,,,5509.01
2024-07-03,21095.3,3.25,7221520.0,761373.0,425898.0,6.4597,,supply,,,,5537.02
2024-07-04,21095.3,3.25,7221520.0,761373.0,425898.0,6.4597,,neutral,,,,5537.02
2024-07-05,21095.3,3.27,7221520.0,761373.0,390632.0,6.4598,,supply,,,,5567.19
2024-07-06,21095.3,3.27,7221520.0,761373.0,390632.0,6.4598,,neutral,,,,5567.19
2024-07-07,21095.3,3.27,7221520.0,761373.0,390632.0,6.4598,,neutral,,,,5567.19
2024-07-08,21095.3,3.2,7221520.0,761373.0,415257.0,6.4597,,neutral,,,,5572.85
2024-07-09,21095.3,3.21,7221520.0,761373.0,423152.0,6.4597,,neutral,,,,5576.98
2024-07-10,21095.3,3.17,7224079.0,736402.0,422147.0,6.4873,,supply,,,,5633.91
2024-07-11,21095.3,3.18,7224079.0,736402.0,403708.0,6.4873,,supply,,,,5584.54
2024-07-12,21095.3,3.19,7224079.0,736402.0,406590.0,6.4873,,neutral,,,,5615.35
2024-07-13,21095.3,3.19,7224079.0,736402.0,406590.0,6.4873,,neutral,,,,5615.35
2024-07-14,21095.3,3.19,7224079.0,736402.0,406590.0,6.4873,,neutral,,,,5615.35
2024-07-15,21095.3,3.13,7224079.0,736402.0,413280.0,6.4873,,neutral,,,,5631.22
2024-07-16,21095.3,3.08,7224079.0,736402.0,409594.0,6.4873,,supply,,,,5667.2
2024-07-17,21095.3,3.09,7208247.0,751593.0,399401.0,6.4563,,supply,,,,5588.27
2024-07-18,21095.3,3.09,7208247.0,751593.0,391652.0,6.4563,,supply,,,,5544.59
2024-07-19,21095.3,3.09,7208247.0,751593.0,379801.0,6.4563,,supply,,,,5505.0
2024-07-20,21095.3,3.09,7208247.0,751593.0,379801.0,6.4563,,neutral,,,,5505.0
2024-07-21,21095.3,3.09,7208247.0,751593.0,379801.0,6.4563,,neutral,,,,5505.0
2024-07-22,21095.3,3.05,7208247.0,751593.0,395901.0,6.4563,,neutral,,,,5564.41
2024-07-23,21095.3,3.02,7208247.0,751593.0,389837.0,6.4563,,supply,,,,5555.74
2024-07-24,21095.3,3.1,7205455.0,774315.0,399121.0,6.4307,,absorb,,,,5427.13
2024-07-25,21095.3,3.08,7205455.0,774315.0,377433.0,6.4308,,supply,,,,5399.22
2024-07-26,21095.3,3.1,7205455.0,774315.0,381257.0,6.4308,,neutral,,,,5459.1
2024-07-27,21095.3,3.1,7205455.0,774315.0,381257.0,6.4308,,neutral,,,,5459.1
2024-07-28,21095.3,3.1,7205455.0,774315.0,381257.0,6.4308,,neutral,,,,5459.1
2024-07-29,21095.3,3.13,7205455.0,774315.0,385281.0,6.4308,,neutral,,,,5463.54
2024-07-30,21095.3,3.2,7205455.0,774315.0,367054.0,6.4308,,supply,,,,5436.44
2024-07-31,21095.3,3.25,7178391.0,786486.0,413200.0,6.3915,,absorb,,,,5522.3
2024-08-01,21186.8,3.35,7178391.0,786486.0,348885.0,6.3916,,supply,,,,5446.68
2024-08-02,21186.8,3.72,7178391.0,786486.0,338473.0,6.3916,,supply,,,,5346.56
2024-08-03,21186.8,3.72,7178391.0,786486.0,338473.0,6.3916,,neutral,,,,5346.56
2024-08-04,21186.8,3.72,7178391.0,786486.0,338473.0,6.3916,,neutral,,,,5346.56
2024-08-05,21186.8,3.93,7178391.0,786486.0,316246.0,6.3916,,supply,,,,5186.33
2024-08-06,21186.8,3.67,7178391.0,786486.0,291958.0,6.3916,,supply,,,,5240.03
2024-08-07,21186.8,3.57,7175256.0,770931.0,286660.0,6.404,,supply,,,,5199.5
2024-08-08,21186.8,3.48,7175256.0,770931.0,303159.0,6.404,,neutral,,,,5319.31
2024-08-09,21186.8,3.49,7175256.0,770931.0,312198.0,6.404,,neutral,,,,5344.16
2024-08-10,21186.8,3.49,7175256.0,770931.0,312198.0,6.404,,neutral,,,,5344.16
2024-08-11,21186.8,3.49,7175256.0,770931.0,312198.0,6.404,,neutral,,,,5344.16
2024-08-12,21186.8,3.52,7175256.0,770931.0,328641.0,6.404,,neutral,,,,5344.39
2024-08-13,21186.8,3.54,7175256.0,770931.0,324494.0,6.404,,supply,,,,5434.43
2024-08-14,21186.8,3.46,7177688.0,794120.0,328472.0,6.3832,,absorb,,,,5455.21
2024-08-15,21186.8,3.31,7177688.0,794120.0,307141.0,6.3833,,supply,,,,5543.22
2024-08-16,21186.8,3.29,7177688.0,794120.0,330317.0,6.3832,,neutral,,,,5554.25
2024-08-17,21186.8,3.29,7177688.0,794120.0,330317.0,6.3832,,neutral,,,,5554.25
2024-08-18,21186.8,3.29,7177688.0,794120.0,330317.0,6.3832,,neutral,,,,5554.25
2024-08-19,21186.8,3.21,7177688.0,794120.0,333583.0,6.3832,,neutral,,,,5608.25
2024-08-20,21186.8,3.25,7177688.0,794120.0,310819.0,6.3833,,supply,,,,5597.12
2024-08-21,21186.8,3.27,7139952.0,736494.0,321329.0,6.4031,,supply,,,,5620.85
2024-08-22,21186.8,3.21,7139952.0,736494.0,316777.0,6.4031,,supply,,,,5570.64
2024-08-23,21186.8,3.19,7139952.0,736494.0,312896.0,6.4031,,supply,,,,5634.61
2024-08-24,21186.8,3.19,7139952.0,736494.0,312896.0,6.4031,,neutral,,,,5634.61
2024-08-25,21186.8,3.19,7139952.0,736494.0,312896.0,6.4031,,neutral,,,,5634.61
2024-08-26,21186.8,3.15,7139952.0,736494.0,353557.0,6.4031,,neutral,,,,5616.84
2024-08-27,21186.8,3.17,7139952.0,736494.0,344045.0,6.4031,,supply,,,,5625.8
2024-08-28,21186.8,3.19,7123238.0,745851.0,388890.0,6.377,,absorb,,,,5592.18
2024-08-29,21186.8,3.15,7123238.0,745851.0,383434.0,6.377,,supply,,,,5591.96
2024-08-30,21186.8,3.13,7123238.0,745851.0,433130.0,6.377,,neutral,,,,5648.4
2024-08-31,21186.8,3.17,7123238.0,745851.0,433130.0,6.377,,neutral,,,,5648.4
2024-09-01,21269.5,3.17,7123238.0,745851.0,433130.0,6.377,,neutral,,,,5648.4
2024-09-02,21269.5,3.17,7123238.0,745851.0,433130.0,6.377,,neutral,,,,5648.4
2024-09-03,21269.5,3.31,7123238.0,745851.0,349808.0,6.377,,supply,,,,5528.93
2024-09-04,21269.5,3.35,7112567.0,733959.0,337312.0,6.3783,,supply,,,,5520.07
2024-09-05,21269.5,3.29,7112567.0,733959.0,291091.0,6.3783,,supply,,,,5503.41
2024-09-06,21269.5,3.39,7112567.0,733959.0,299271.0,6.3783,,neutral,,,,5408.42
2024-09-07,21269.5,3.39,7112567.0,733959.0,299271.0,6.3783,,neutral,,,,5408.42
2024-09-08,21269.5,3.39,7112567.0,733959.0,299271.0,6.3783,,neutral,,,,5408.42
2024-09-09,21269.5,3.36,7112567.0,733959.0,292158.0,6.3783,,supply,,,,5471.05
2024-09-10,21269.5,3.46,7112567.0,733959.0,281392.0,6.3783,,supply,,,,5495.52
2024-09-11,21269.5,3.44,7115001.0,755958.0,279215.0,6.3588,,supply,,,,5554.13
2024-09-12,21269.5,3.39,7115001.0,755958.0,294464.0,6.3587,,neutral,,,,5595.76
2024-09-13,21269.5,3.37,7115001.0,755958.0,284951.0,6.3588,,supply,,,,5626.02
2024-09-14,21269.5,3.37,7115001.0,755958.0,284951.0,6.3588,,neutral,,,,5626.02
2024-09-15,21269.5,3.37,7115001.0,755958.0,284951.0,6.3588,,neutral,,,,5626.02
2024-09-16,21269.5,3.32,7115001.0,755958.0,239386.0,6.3588,,supply,,,,5633.09
2024-09-17,21269.5,3.25,7115001.0,755958.0,256337.0,6.3588,,neutral,,,,5634.58
2024-09-18,21269.5,3.21,7109137.0,771194.0,305831.0,6.3376,,absorb,,,,5618.26
2024-09-19,21269.5,3.1,7109137.0,771194.0,311777.0,6.3376,,neutral,,,,5713.64
2024-09-20,21269.5,3.15,7109137.0,771194.0,339316.0,6.3376,,neutral,,,,5702.55
2024-09-21,21269.5,3.15,7109137.0,771194.0,339316.0,6.3376,,neutral,,,,5702.55
2024-09-22,21269.5,3.15,7109137.0,771194.0,339316.0,6.3376,,neutral,,,,5702.55
2024-09-23,21269.5,3.15,7109137.0,771194.0,380372.0,6.3376,,neutral,,,,5718.57
2024-09-24,21269.5,3.21,7109137.0,771194.0,388977.0,6.3376,,neutral,,,,5732.93
2024-09-25,21269.5,3.19,7080059.0,806771.0,416193.0,6.2729,,absorb,,,,5722.26
2024-09-26,21269.5,3.14,7080059.0,806771.0,424916.0,6.2729,,neutral,,,,5745.37
2024-09-27,21269.5,3.14,7080059.0,806771.0,436518.0,6.2729,,neutral,,,,5738.17
2024-09-28,21269.5,3.14,7080059.0,806771.0,436518.0,6.2729,,neutral,,,,5738.17
2024-09-29,21269.5,3.14,7080059.0,806771.0,436518.0,6.2729,,neutral,,,,5738.17
2024-09-30,21269.5,3.03,7080059.0,806771.0,465638.0,6.2728,,neutral,,,,5762.48
2024-10-01,21331.9,3.07,7080059.0,806771.0,375221.0,6.2729,,supply,,,,5708.75
2024-10-02,21331.9,3.06,7046925.0,798277.0,383398.0,6.2483,,supply,,,,5709.54
2024-10-03,21331.9,3.04,7046925.0,798277.0,341248.0,6.2483,,supply,,,,5699.94
2024-10-04,21331.9,2.89,7046925.0,798277.0,330012.0,6.2483,,supply,,,,5751.07
2024-10-05,21331.9,2.89,7046925.0,798277.0,330012.0,6.2483,,neutral,,,,5751.07
2024-10-06,21331.9,2.89,7046925.0,798277.0,330012.0,6.2483,,neutral,,,,5751.07
2024-10-07,21331.9,2.95,7046925.0,798277.0,322948.0,6.2483,,supply,,,,5695.94
2024-10-08,21331.9,2.99,7046925.0,798277.0,325355.0,6.2483,,neutral,,,,5751.13
2024-10-09,21331.9,2.94,7046840.0,802115.0,343448.0,6.2444,,absorb,,,,5792.04
2024-10-10,21331.9,2.99,7046840.0,802115.0,322587.0,6.2444,,supply,,,,5780.05
2024-10-11,21331.9,2.98,7046840.0,802115.0,331735.0,6.2444,,neutral,,,,5815.03
2024-10-12,21331.9,2.98,7046840.0,802115.0,331735.0,6.2444,,neutral,,,,5815.03
2024-10-13,21331.9,2.98,7046840.0,802115.0,331735.0,6.2444,,neutral,,,,5815.03
2024-10-14,21331.9,2.97,7046840.0,802115.0,331735.0,6.2444,,neutral,,,,5859.85
2024-10-15,21331.9,2.93,7046840.0,802115.0,286398.0,6.2444,,supply,,,,5815.26
2024-10-16,21331.9,2.9,7039284.0,791792.0,272028.0,6.2472,,supply,,,,5842.47
2024-10-17,21331.9,2.89,7039284.0,791792.0,262210.0,6.2472,,supply,,,,5841.47
2024-10-18,21331.9,2.88,7039284.0,791792.0,259892.0,6.2472,,supply,,,,5864.67
2024-10-19,21331.9,2.88,7039284.0,791792.0,259892.0,6.2472,,neutral,,,,5864.67
2024-10-20,21331.9,2.88,7039284.0,791792.0,259892.0,6.2472,,neutral,,,,5864.67
2024-10-21,21331.9,2.88,7039284.0,791792.0,261044.0,6.2472,,neutral,,,,5853.98
2024-10-22,21331.9,2.92,7039284.0,791792.0,237760.0,6.2473,,supply,,,,5851.2
2024-10-23,21331.9,2.95,7029408.0,829991.0,270839.0,6.1991,,absorb,,,,5797.42
2024-10-24,21331.9,2.93,7029408.0,829991.0,202798.0,6.1992,,supply,,,,5809.86
2024-10-25,21331.9,2.89,7029408.0,829991.0,227000.0,6.1992,,neutral,,,,5808.12
2024-10-26,21331.9,2.89,7029408.0,829991.0,227000.0,6.1992,,neutral,,,,5808.12
2024-10-27,21331.9,2.89,7029408.0,829991.0,227000.0,6.1992,,neutral,,,,5808.12
2024-10-28,21331.9,2.82,7029408.0,829991.0,251032.0,6.1992,,neutral,,,,5823.52
2024-10-29,21331.9,2.85,7029408.0,829991.0,244841.0,6.1992,,supply,,,,5832.92
2024-10-30,21331.9,2.8,7013490.0,835237.0,228946.0,6.178,,supply,,,,5813.67
2024-10-31,21331.9,2.88,7013490.0,835237.0,201278.0,6.1781,,supply,,,,5705.45
2024-11-01,21452.2,2.83,7013490.0,835237.0,155476.0,6.1781,,supply,,,,5728.8
2024-11-02,21452.2,2.83,7013490.0,835237.0,155476.0,6.1781,,neutral,,,,5728.8
2024-11-03,21452.2,2.83,7013490.0,835237.0,155476.0,6.1781,,neutral,,,,5728.8
2024-11-04,21452.2,2.87,7013490.0,835237.0,171885.0,6.1781,,neutral,,,,5712.69
2024-11-05,21452.2,2.86,7013490.0,835237.0,144243.0,6.1781,,supply,,,,5782.76
2024-11-06,21452.2,2.74,6994299.0,842051.0,177871.0,6.1521,,absorb,,,,5929.04
2024-11-07,21452.2,2.73,6994299.0,842051.0,159002.0,6.1521,,supply,,,,5973.1
2024-11-08,21452.2,2.63,6994299.0,842051.0,163621.0,6.1521,,neutral,,,,5995.54
2024-11-09,21452.2,2.63,6994299.0,842051.0,163621.0,6.1521,,neutral,,,,5995.54
2024-11-10,21452.2,2.63,6994299.0,842051.0,163621.0,6.1521,,neutral,,,,5995.54
2024-11-11,21452.2,2.63,6994299.0,842051.0,163621.0,6.1521,,neutral,,,,6001.35
2024-11-12,21452.2,2.61,6994299.0,842051.0,178814.0,6.1521,,neutral,,,,5983.99
2024-11-13,21452.2,2.64,6967108.0,832186.0,238106.0,6.1347,,supply,,,,5985.38
2024-11-14,21452.2,2.6,6967108.0,832186.0,214509.0,6.1347,,supply,,,,5949.17
2024-11-15,21452.2,2.72,6967108.0,832186.0,172400.0,6.1347,,supply,,,,5870.62
2024-11-16,21452.2,2.72,6967108.0,832186.0,172400.0,6.1347,,neutral,,,,5870.62
2024-11-17,21452.2,2.72,6967108.0,832186.0,172400.0,6.1347,,neutral,,,,5870.62
2024-11-18,21452.2,2.72,6967108.0,832186.0,200030.0,6.1347,,neutral,,,,5893.62
2024-11-19,21452.2,2.69,6967108.0,832186.0,200664.0,6.1347,,neutral,,,,5916.98
2024-11-20,21452.2,2.67,6923731.0,751873.0,217793.0,6.1716,,supply,,,,5917.11
2024-11-21,21452.2,2.61,6923731.0,751873.0,188567.0,6.1717,,supply,,,,5948.71
2024-11-22,21452.2,2.61,6923731.0,751873.0,204254.0,6.1717,,neutral,,,,5969.34
2024-11-23,21452.2,2.61,6923731.0,751873.0,204254.0,6.1717,,neutral,,,,5969.34
2024-11-24,21452.2,2.61,6923731.0,751873.0,204254.0,6.1717,,neutral,,,,5969.34
2024-11-25,21452.2,2.64,6923731.0,751873.0,186749.0,6.1717,,supply,,,,5987.37
2024-11-26,21452.2,2.68,6923731.0,751873.0,148823.0,6.1717,,supply,,,,6021.63
2024-11-27,21452.2,2.69,6905140.0,775250.0,169815.0,6.1297,,absorb,,,,5998.74
2024-11-28,21452.2,2.69,6905140.0,775250.0,169815.0,6.1297,,neutral,,,,5998.74
2024-11-29,21452.2,2.72,6905140.0,775250.0,197627.0,6.1297,,neutral,,,,6032.38
2024-11-30,21452.2,2.74,6905140.0,775250.0,197627.0,6.1297,,neutral,,,,6032.38
2024-12-01,21485.9,2.74,6905140.0,775250.0,197627.0,6.1297,,neutral,,,,6032.38
2024-12-02,21485.9,2.68,6905140.0,775250.0,135858.0,6.1298,,supply,,,,6047.15
2024-12-03,21485.9,2.66,6905140.0,775250.0,161572.0,6.1297,,neutral,,,,6049.88
2024-12-04,21485.9,2.66,6895827.0,789516.0,162866.0,6.1061,,absorb,,,,6086.49
2024-12-05,21485.9,2.66,6895827.0,789516.0,131964.0,6.1062,,supply,,,,6075.11
2024-12-06,21485.9,2.67,6895827.0,789516.0,130014.0,6.1062,,supply,,,,6090.27
2024-12-07,21485.9,2.67,6895827.0,789516.0,130014.0,6.1062,,neutral,,,,6090.27
2024-12-08,21485.9,2.67,6895827.0,789516.0,130014.0,6.1062,,neutral,,,,6090.27
2024-12-09,21485.9,2.67,6895827.0,789516.0,153029.0,6.1062,,neutral,,,,6052.85
2024-12-10,21485.9,2.67,6895827.0,789516.0,174842.0,6.1061,,neutral,,,,6034.91
2024-12-11,21485.9,2.64,6897485.0,775067.0,180120.0,6.1222,,supply,,,,6084.19
2024-12-12,21485.9,2.66,6897485.0,775067.0,165025.0,6.1223,,supply,,,,6051.25
2024-12-13,21485.9,2.68,6897485.0,775067.0,135777.0,6.1223,,supply,,,,6051.09
2024-12-14,21485.9,2.68,6897485.0,775067.0,135777.0,6.1223,,neutral,,,,6051.09
2024-12-15,21485.9,2.68,6897485.0,775067.0,135777.0,6.1223,,neutral,,,,6051.09
2024-12-16,21485.9,2.69,6897485.0,775067.0,110753.0,6.1223,,supply,,,,6074.08
2024-12-17,21485.9,2.75,6897485.0,775067.0,118093.0,6.1223,,neutral,,,,6050.61
2024-12-18,21485.9,2.73,6889332.0,767932.0,131651.0,6.1213,,supply,,,,5872.16
2024-12-19,21485.9,2.91,6889332.0,767932.0,112417.0,6.1213,,supply,,,,5867.08
2024-12-20,21485.9,2.86,6889332.0,767932.0,98356.0,6.1213,,supply,,,,5930.85
2024-12-21,21485.9,2.86,6889332.0,767932.0,98356.0,6.1213,,neutral,,,,5930.85
2024-12-22,21485.9,2.86,6889332.0,767932.0,98356.0,6.1213,,neutral,,,,5930.85
2024-12-23,21485.9,2.85,6889332.0,767932.0,116004.0,6.1213,,neutral,,,,5974.07
2024-12-24,21485.9,2.86,6889332.0,767932.0,180989.0,6.1212,,neutral,,,,6040.04
2024-12-25,21485.9,2.86,6885963.0,764770.0,180989.0,6.121,,supply,,,,6040.04
2024-12-26,21485.9,2.86,6885963.0,764770.0,196818.0,6.121,,neutral,,,,6037.59
2024-12-27,21485.9,2.84,6885963.0,764770.0,268739.0,6.1209,,neutral,,,,5970.84
2024-12-28,21485.9,2.84,6885963.0,764770.0,268739.0,6.1209,,neutral,,,,5970.84
2024-12-29,21485.9,2.84,6885963.0,764770.0,268739.0,6.1209,,neutral,,,,5970.84
2024-12-30,21485.9,2.94,6885963.0,764770.0,260743.0,6.1209,,supply,,,,5906.94
2024-12-31,21485.9,2.92,6885963.0,764770.0,473460.0,6.1207,,neutral,,,,5881.63
2025-01-01,21548.1,2.92,6852491.0,719873.0,473460.0,6.1321,,supply,,,,5881.63
2025-01-02,21548.1,2.88,6852491.0,719873.0,239858.0,6.1324,,supply,,,,5868.55
2025-01-03,21548.1,2.81,6852491.0,719873.0,237377.0,6.1324,,supply,,,,5942.47
2025-01-04,21548.1,2.81,6852491.0,719873.0,237377.0,6.1324,,neutral,,,,5942.47
2025-01-05,21548.1,2.81,6852491.0,719873.0,237377.0,6.1324,,neutral,,,,5942.47
2025-01-06,21548.1,2.76,6852491.0,719873.0,231926.0,6.1324,,supply,,,,5975.38
2025-01-07,21548.1,2.79,6852491.0,719873.0,208296.0,6.1324,,supply,,,,5909.03
2025-01-08,21548.1,2.84,6853554.0,652636.0,185144.0,6.2007,,supply,,,,5918.25
2025-01-09,21548.1,2.82,6853554.0,652636.0,168225.0,6.2007,,supply,,,,5918.25
2025-01-10,21548.1,2.81,6853554.0,652636.0,178800.0,6.2007,,neutral,,,,5827.04
2025-01-11,21548.1,2.81,6853554.0,652636.0,178800.0,6.2007,,neutral,,,,5827.04
2025-01-12,21548.1,2.81,6853554.0,652636.0,178800.0,6.2007,,neutral,,,,5827.04
2025-01-13,21548.1,2.85,6853554.0,652636.0,183669.0,6.2007,,neutral,,,,5836.22
2025-01-14,21548.1,2.8,6853554.0,652636.0,160219.0,6.2008,,supply,,,,5842.91
2025-01-15,21548.1,2.72,6834070.0,641225.0,119977.0,6.1927,,supply,,,,5949.91
2025-01-16,21548.1,2.73,6834070.0,641225.0,94489.0,6.1928,,supply,,,,5937.34
2025-01-17,21548.1,2.64,6834070.0,641225.0,118327.0,6.1927,,neutral,,,,5996.66
2025-01-18,21548.1,2.64,6834070.0,641225.0,118327.0,6.1927,,neutral,,,,5996.66
2025-01-19,21548.1,2.64,6834070.0,641225.0,118327.0,6.1927,,neutral,,,,5996.66
2025-01-20,21548.1,2.64,6834070.0,641225.0,118327.0,6.1927,,neutral,,,,5996.66
2025-01-21,21548.1,2.61,6834070.0,641225.0,96015.0,6.1927,,supply,,,,6049.24
2025-01-22,21548.1,2.59,6831760.0,677282.0,123981.0,6.1544,,absorb,,,,6086.37
2025-01-23,21548.1,2.61,6831760.0,677282.0,132031.0,6.1543,,neutral,,,,6118.71
2025-01-24,21548.1,2.6,6831760.0,677282.0,104972.0,6.1544,,supply,,,,6101.24
2025-01-25,21548.1,2.6,6831760.0,677282.0,104972.0,6.1544,,neutral,,,,6101.24
2025-01-26,21548.1,2.6,6831760.0,677282.0,104972.0,6.1544,,neutral,,,,6101.24
2025-01-27,21548.1,2.66,6831760.0,677282.0,92863.0,6.1544,,supply,,,,6012.28
2025-01-28,21548.1,2.66,6831760.0,677282.0,112760.0,6.1544,,neutral,,,,6067.7
2025-01-29,21548.1,2.68,6818186.0,784206.0,121842.0,6.0339,,absorb,,,,6039.31
2025-01-30,21548.1,2.67,6818186.0,784206.0,125965.0,6.0339,,neutral,,,,6071.17
2025-01-31,21548.1,2.68,6818186.0,784206.0,187913.0,6.0338,,neutral,,,,6040.53
2025-02-01,21613.5,2.68,6818186.0,784206.0,187913.0,6.0338,,neutral,,,,6040.53
2025-02-02,21613.5,2.68,6818186.0,784206.0,187913.0,6.0338,,neutral,,,,6040.53
2025-02-03,21613.5,2.73,6818186.0,784206.0,97781.0,6.0339,,supply,,,,5994.57
2025-02-04,21613.5,2.71,6818186.0,784206.0,85654.0,6.0339,,supply,,,,6037.88
2025-02-05,21613.5,2.69,6810935.0,805593.0,78788.0,6.0053,,supply,,,,6061.48
2025-02-06,21613.5,2.66,6810935.0,805593.0,79983.0,6.0053,,neutral,,,,6083.57
2025-02-07,21613.5,2.67,6810935.0,805593.0,95248.0,6.0052,,neutral,,,,6025.99
2025-02-08,21613.5,2.67,6810935.0,805593.0,95248.0,6.0052,,neutral,,,,6025.99
2025-02-09,21613.5,2.67,6810935.0,805593.0,95248.0,6.0052,,neutral,,,,6025.99
2025-02-10,21613.5,2.66,6810935.0,805593.0,99653.0,6.0052,,neutral,,,,6066.44
2025-02-11,21613.5,2.66,6810935.0,805593.0,76446.0,6.0053,,supply,,,,6068.5
2025-02-12,21613.5,2.65,6813513.0,828102.0,67670.0,5.9853,,supply,,,,6051.97
2025-02-13,21613.5,2.65,6813513.0,828102.0,67820.0,5.9853,,neutral,,,,6115.07
2025-02-14,21613.5,2.62,6813513.0,828102.0,58770.0,5.9854,,supply,,,,6114.63
2025-02-15,21613.5,2.62,6813513.0,828102.0,58770.0,5.9854,,neutral,,,,6114.63
2025-02-16,21613.5,2.62,6813513.0,828102.0,58770.0,5.9854,,neutral,,,,6114.63
2025-02-17,21613.5,2.62,6813513.0,828102.0,58770.0,5.9854,,neutral,,,,6114.63
2025-02-18,21613.5,2.62,6813513.0,828102.0,77817.0,5.9853,,neutral,,,,6129.58
2025-02-19,21613.5,2.68,6782332.0,790062.0,73196.0,5.9922,,supply,,,,6144.15
2025-02-20,21613.5,2.66,6782332.0,790062.0,63207.0,5.9922,,supply,,,,6117.52
2025-02-21,21613.5,2.78,6782332.0,790062.0,68983.0,5.9922,,neutral,,,,6013.13
2025-02-22,21613.5,2.78,6782332.0,790062.0,68983.0,5.9922,,neutral,,,,6013.13
2025-02-23,21613.5,2.78,6782332.0,790062.0,68983.0,5.9922,,neutral,,,,6013.13
2025-02-24,21613.5,2.78,6782332.0,790062.0,76818.0,5.9922,,neutral,,,,5983.25
2025-02-25,21613.5,2.84,6782332.0,790062.0,96000.0,5.9922,,neutral,,,,5955.25
2025-02-26,21613.5,2.81,6766101.0,681161.0,126058.0,6.0848,,supply,,,,5956.06
2025-02-27,21613.5,2.81,6766101.0,681161.0,182148.0,6.0848,,neutral,,,,5861.57
2025-02-28,21613.5,2.87,6766101.0,681161.0,234422.0,6.0847,,neutral,,,,5954.5
2025-03-01,21693.6,2.87,6766101.0,681161.0,234422.0,6.0847,,neutral,,,,5954.5
2025-03-02,21693.6,2.87,6766101.0,681161.0,234422.0,6.0847,,neutral,,,,5954.5
2025-03-03,21693.6,2.94,6766101.0,681161.0,119987.0,6.0848,,supply,,,,5849.72
2025-03-04,21693.6,2.99,6766101.0,681161.0,135257.0,6.0848,,neutral,,,,5778.15
2025-03-05,21693.6,2.88,6756764.0,548331.0,139493.0,6.2083,,supply,,,,5842.63
2025-03-06,21693.6,2.99,6756764.0,548331.0,129269.0,6.2083,,supply,,,,5738.52
2025-03-07,21693.6,2.97,6756764.0,548331.0,136305.0,6.2083,,neutral,,,,5770.2
2025-03-08,21693.6,2.97,6756764.0,548331.0,136305.0,6.2083,,neutral,,,,5770.2
2025-03-09,21693.6,2.97,6756764.0,548331.0,136305.0,6.2083,,neutral,,,,5770.2
2025-03-10,21693.6,3.16,6756764.0,548331.0,129054.0,6.2083,,supply,,,,5614.56
2025-03-11,21693.6,3.22,6756764.0,548331.0,137310.0,6.2083,,neutral,,,,5572.07
2025-03-12,21693.6,3.2,6759571.0,512581.0,131055.0,6.2469,,supply,,,,5599.3
2025-03-13,21693.6,3.4,6759571.0,512581.0,113435.0,6.2469,,supply,,,,5521.52
2025-03-14,21693.6,3.25,6759571.0,512581.0,126234.0,6.2469,,neutral,,,,5638.94
2025-03-15,21693.6,3.25,6759571.0,512581.0,126234.0,6.2469,,neutral,,,,5638.94
2025-03-16,21693.6,3.25,6759571.0,512581.0,126234.0,6.2469,,neutral,,,,5638.94
2025-03-17,21693.6,3.18,6759571.0,512581.0,89496.0,6.2469,,supply,,,,5675.12
2025-03-18,21693.6,3.23,6759571.0,512581.0,149503.0,6.2468,,neutral,,,,5614.66
2025-03-19,21693.6,3.19,6755982.0,435936.0,193378.0,6.3199,,supply,,,,5675.29
2025-03-20,21693.6,3.17,6755982.0,435936.0,192640.0,6.3199,,supply,,,,5662.89
2025-03-21,21693.6,3.21,6755982.0,435936.0,200850.0,6.3198,,neutral,,,,5667.56
2025-03-22,21693.6,3.21,6755982.0,435936.0,200850.0,6.3198,,neutral,,,,5667.56
2025-03-23,21693.6,3.21,6755982.0,435936.0,200850.0,6.3198,,neutral,,,,5667.56
2025-03-24,21693.6,3.05,6755982.0,435936.0,196565.0,6.3198,,supply,,,,5767.57
2025-03-25,21693.6,3.09,6755982.0,435936.0,214786.0,6.3198,,neutral,,,,5776.65
2025-03-26,21693.6,3.19,6740253.0,360177.0,241371.0,6.3798,,supply,,,,5712.2
2025-03-27,21693.6,3.27,6740253.0,360177.0,291785.0,6.3798,,neutral,,,,5693.31
2025-03-28,21693.6,3.47,6740253.0,360177.0,286575.0,6.3798,,supply,,,,5580.94
2025-03-29,21693.6,3.47,6740253.0,360177.0,286575.0,6.3798,,neutral,,,,5580.94
2025-03-30,21693.6,3.47,6740253.0,360177.0,286575.0,6.3798,,neutral,,,,5580.94
2025-03-31,21693.6,3.55,6740253.0,360177.0,399167.0,6.3797,,neutral,,,,5611.85
2025-04-01,21775.6,3.5,6740253.0,360177.0,230063.0,6.3798,,supply,,,,5633.07
2025-04-02,21775.6,3.42,6723452.0,313326.0,233488.0,6.4099,,supply,,,,5670.97
2025-04-03,21775.6,4.01,6723452.0,313326.0,196265.0,6.4099,,supply,,,,5396.52
2025-04-04,21775.6,4.45,6723452.0,313326.0,184499.0,6.4099,,supply,,,,5074.08
2025-04-05,21775.6,4.45,6723452.0,313326.0,184499.0,6.4099,,neutral,,,,5074.08
2025-04-06,21775.6,4.45,6723452.0,313326.0,184499.0,6.4099,,neutral,,,,5074.08
2025-04-07,21775.6,4.61,6723452.0,313326.0,148146.0,6.41,,supply,,,,5062.25
2025-04-08,21775.6,4.57,6723452.0,313326.0,156911.0,6.41,,neutral,,,,4982.77
2025-04-09,21775.6,4.37,6727416.0,306049.0,168115.0,6.4212,,supply,,,,5456.9
2025-04-10,21775.6,4.42,6727416.0,306049.0,129950.0,6.4212,,supply,,,,5268.05
2025-04-11,21775.6,4.26,6727416.0,306049.0,98531.0,6.4213,,supply,,,,5363.36
2025-04-12,21775.6,4.26,6727416.0,306049.0,98531.0,6.4213,,neutral,,,,5363.36
2025-04-13,21775.6,4.26,6727416.0,306049.0,98531.0,6.4213,,neutral,,,,5363.36
2025-04-14,21775.6,4.14,6727416.0,306049.0,102838.0,6.4213,,neutral,,,,5405.97
2025-04-15,21775.6,4.09,6727416.0,306049.0,88878.0,6.4213,,supply,,,,5396.63
2025-04-16,21775.6,4.16,6727113.0,422983.0,54772.0,6.3041,,supply,,,,5275.7
2025-04-17,21775.6,4.02,6727113.0,422983.0,58600.0,6.3041,,neutral,,,,5282.7
2025-04-18,21775.6,4.02,6727113.0,422983.0,58600.0,6.3041,,neutral,,,,5282.7
2025-04-19,21775.6,4.02,6727113.0,422983.0,58600.0,6.3041,,neutral,,,,5282.7
2025-04-20,21775.6,4.02,6727113.0,422983.0,58600.0,6.3041,,neutral,,,,5282.7
2025-04-21,21775.6,4.16,6727113.0,422983.0,114114.0,6.304,,neutral,,,,5158.2
2025-04-22,21775.6,3.99,6727113.0,422983.0,137951.0,6.304,,neutral,,,,5287.76
2025-04-23,21775.6,3.75,6726930.0,606632.0,171780.0,6.1201,,absorb,,,,5375.86
2025-04-24,21775.6,3.73,6726930.0,606632.0,130004.0,6.1202,,supply,,,,5484.77
2025-04-25,21775.6,3.67,6726930.0,606632.0,94021.0,6.1202,,supply,,,,5525.21
2025-04-26,21775.6,3.67,6726930.0,606632.0,94021.0,6.1202,,neutral,,,,5525.21
2025-04-27,21775.6,3.67,6726930.0,606632.0,94021.0,6.1202,,neutral,,,,5525.21
2025-04-28,21775.6,3.73,6726930.0,606632.0,148649.0,6.1201,,neutral,,,,5528.75
2025-04-29,21775.6,3.74,6726930.0,606632.0,157537.0,6.1201,,neutral,,,,5560.83
2025-04-30,21775.6,3.94,6709277.0,595741.0,250601.0,6.1133,,supply,,,,5569.06
2025-05-01,21833.9,3.78,6709277.0,595741.0,157353.0,6.1134,,supply,,,,5604.14
2025-05-02,21833.9,3.6,6709277.0,595741.0,147882.0,6.1134,,supply,,,,5686.67
2025-05-03,21833.9,3.6,6709277.0,595741.0,147882.0,6.1134,,neutral,,,,5686.67
2025-05-04,21833.9,3.6,6709277.0,595741.0,147882.0,6.1134,,neutral,,,,5686.67
2025-05-05,21833.9,3.6,6709277.0,595741.0,124690.0,6.1134,,supply,,,,5650.38
2025-05-06,21833.9,3.66,6709277.0,595741.0,129858.0,6.1134,,neutral,,,,5606.91
2025-05-07,21833.9,3.67,6710889.0,583727.0,154859.0,6.127,,supply,,,,5631.28
2025-05-08,21833.9,3.51,6710889.0,583727.0,139768.0,6.127,,supply,,,,5663.94
2025-05-09,21833.9,3.53,6710889.0,583727.0,142272.0,6.127,,neutral,,,,5659.91
2025-05-10,21833.9,3.53,6710889.0,583727.0,142272.0,6.127,,neutral,,,,5659.91
2025-05-11,21833.9,3.53,6710889.0,583727.0,142272.0,6.127,,neutral,,,,5659.91
2025-05-12,21833.9,3.15,6710889.0,583727.0,147505.0,6.127,,neutral,,,,5844.19
2025-05-13,21833.9,3.09,6710889.0,583727.0,144214.0,6.127,,supply,,,,5886.55
2025-05-14,21833.9,3.1,6713270.0,575846.0,165024.0,6.1373,,supply,,,,5892.58
2025-05-15,21833.9,3.2,6713270.0,575846.0,109436.0,6.1373,,supply,,,,5916.93
2025-05-16,21833.9,3.16,6713270.0,575846.0,136799.0,6.1373,,neutral,,,,5958.38
2025-05-17,21833.9,3.16,6713270.0,575846.0,136799.0,6.1373,,neutral,,,,5958.38
2025-05-18,21833.9,3.16,6713270.0,575846.0,136799.0,6.1373,,neutral,,,,5958.38
2025-05-19,21833.9,3.21,6713270.0,575846.0,180417.0,6.1372,,neutral,,,,5963.6
2025-05-20,21833.9,3.2,6713270.0,575846.0,136033.0,6.1373,,supply,,,,5940.46
2025-05-21,21833.9,3.25,6688726.0,503055.0,162802.0,6.1855,,supply,,,,5844.61
2025-05-22,21833.9,3.32,6688726.0,503055.0,173018.0,6.1855,,neutral,,,,5842.01
2025-05-23,21833.9,3.4,6688726.0,503055.0,154841.0,6.1855,,supply,,,,5802.82
2025-05-24,21833.9,3.4,6688726.0,503055.0,154841.0,6.1855,,neutral,,,,5802.82
2025-05-25,21833.9,3.4,6688726.0,503055.0,154841.0,6.1855,,neutral,,,,5802.82
2025-05-26,21833.9,3.4,6688726.0,503055.0,154841.0,6.1855,,neutral,,,,5802.82
2025-05-27,21833.9,3.24,6688726.0,503055.0,138066.0,6.1855,,supply,,,,5921.54
2025-05-28,21833.9,3.23,6673244.0,467204.0,173641.0,6.2059,,supply,,,,5888.55
2025-05-29,21833.9,3.22,6673244.0,467204.0,165660.0,6.2059,,supply,,,,5912.17
2025-05-30,21833.9,3.31,6673244.0,467204.0,315657.0,6.2057,,neutral,,,,5911.69
2025-05-31,21833.9,3.32,6673244.0,467204.0,315657.0,6.2057,,neutral,,,,5911.69
2025-06-01,21938.8,3.32,6673244.0,467204.0,315657.0,6.2057,,neutral,,,,5911.69
2025-06-02,21938.8,3.27,6673244.0,467204.0,135841.0,6.2059,,supply,,,,5935.94
2025-06-03,21938.8,3.19,6673244.0,467204.0,153177.0,6.2059,,neutral,,,,5970.37
2025-06-04,21938.8,3.23,6672885.0,378947.0,168882.0,6.2938,,supply,,,,5970.81
2025-06-05,21938.8,3.18,6672885.0,378947.0,152727.0,6.2938,,supply,,,,5939.3
2025-06-06,21938.8,3.09,6672885.0,378947.0,149284.0,6.2938,,supply,,,,6000.36
2025-06-07,21938.8,3.09,6672885.0,378947.0,149284.0,6.2938,,neutral,,,,6000.36
2025-06-08,21938.8,3.09,6672885.0,378947.0,149284.0,6.2938,,neutral,,,,6000.36
2025-06-09,21938.8,3.12,6672885.0,378947.0,179315.0,6.2938,,neutral,,,,6005.88
2025-06-10,21938.8,3.12,6672885.0,378947.0,182725.0,6.2938,,neutral,,,,6038.81
2025-06-11,21938.8,3.12,6677155.0,332907.0,204625.0,6.344,,supply,,,,6022.24
2025-06-12,21938.8,3.17,6677155.0,332907.0,181417.0,6.3441,,supply,,,,6045.26
2025-06-13,21938.8,3.18,6677155.0,332907.0,168645.0,6.3441,,supply,,,,5976.97
2025-06-14,21938.8,3.18,6677155.0,332907.0,168645.0,6.3441,,neutral,,,,5976.97
2025-06-15,21938.8,3.18,6677155.0,332907.0,168645.0,6.3441,,neutral,,,,5976.97
2025-06-16,21938.8,3.1,6677155.0,332907.0,140759.0,6.3441,,supply,,,,6033.11
2025-06-17,21938.8,3.17,6677155.0,332907.0,168939.0,6.3441,,neutral,,,,5982.72
2025-06-18,21938.8,3.16,6681056.0,337762.0,205050.0,6.3431,,absorb,,,,5980.87
2025-06-19,21938.8,3.16,6681056.0,337762.0,205050.0,6.3431,,neutral,,,,5980.87
2025-06-20,21938.8,3.13,6681056.0,337762.0,138283.0,6.3432,,supply,,,,5967.84
2025-06-21,21938.8,3.13,6681056.0,337762.0,138283.0,6.3432,,neutral,,,,5967.84
2025-06-22,21938.8,3.13,6681056.0,337762.0,138283.0,6.3432,,neutral,,,,5967.84
2025-06-23,21938.8,3.12,6681056.0,337762.0,165319.0,6.3431,,neutral,,,,6025.17
2025-06-24,21938.8,3.06,6681056.0,337762.0,187367.0,6.3431,,neutral,,,,6092.18
2025-06-25,21938.8,3.04,6662200.0,364375.0,210879.0,6.2976,,absorb,,,,6092.16
2025-06-26,21938.8,3.04,6662200.0,364375.0,252432.0,6.2976,,neutral,,,,6141.02
2025-06-27,21938.8,3.02,6662200.0,364375.0,285742.0,6.2975,,neutral,,,,6173.07
2025-06-28,21938.8,3.02,6662200.0,364375.0,285742.0,6.2975,,neutral,,,,6173.07
2025-06-29,21938.8,3.02,6662200.0,364375.0,285742.0,6.2975,,neutral,,,,6173.07
2025-06-30,21938.8,2.96,6662200.0,364375.0,460731.0,6.2974,,neutral,,,,6204.95
2025-07-01,22020.0,2.91,6662200.0,364375.0,245530.0,6.2976,,supply,,,,6198.01
2025-07-02,22020.0,2.88,6659598.0,359516.0,237307.0,6.2998,,supply,,,,6227.42
2025-07-03,22020.0,2.8,6659598.0,359516.0,214665.0,6.2999,,supply,,,,6279.35
2025-07-04,22020.0,2.8,6659598.0,359516.0,214665.0,6.2999,,neutral,,,,6279.35
2025-07-05,22020.0,2.8,6659598.0,359516.0,214665.0,6.2999,,neutral,,,,6279.35
2025-07-06,22020.0,2.8,6659598.0,359516.0,214665.0,6.2999,,neutral,,,,6279.35
2025-07-07,22020.0,2.86,6659598.0,359516.0,218030.0,6.2999,,neutral,,,,6229.98
2025-07-08,22020.0,2.92,6659598.0,359516.0,219415.0,6.2999,,neutral,,,,6225.52
2025-07-09,22020.0,2.94,6661912.0,319889.0,227273.0,6.3418,,supply,,,,6263.26
2025-07-10,22020.0,2.92,6661912.0,319889.0,183339.0,6.3418,,supply,,,,6280.46
2025-07-11,22020.0,2.97,6661912.0,319889.0,181637.0,6.3418,,supply,,,,6259.75
2025-07-12,22020.0,2.97,6661912.0,319889.0,181637.0,6.3418,,neutral,,,,6259.75
2025-07-13,22020.0,2.97,6661912.0,319889.0,181637.0,6.3418,,neutral,,,,6259.75
2025-07-14,22020.0,2.95,6661912.0,319889.0,217841.0,6.3418,,neutral,,,,6268.56
2025-07-15,22020.0,2.95,6661912.0,319889.0,198277.0,6.3418,,supply,,,,6243.76
2025-07-16,22020.0,3.0,6659273.0,296247.0,197086.0,6.3628,,supply,,,,6263.7
2025-07-17,22020.0,2.91,6659273.0,296247.0,193660.0,6.3628,,supply,,,,6297.36
2025-07-18,22020.0,2.93,6659273.0,296247.0,199298.0,6.3628,,neutral,,,,6296.79
2025-07-19,22020.0,2.93,6659273.0,296247.0,199298.0,6.3628,,neutral,,,,6296.79
2025-07-20,22020.0,2.93,6659273.0,296247.0,199298.0,6.3628,,neutral,,,,6296.79
2025-07-21,22020.0,2.89,6659273.0,296247.0,213666.0,6.3628,,neutral,,,,6305.6
2025-07-22,22020.0,2.9,6659273.0,296247.0,196374.0,6.3628,,supply,,,,6309.62
2025-07-23,22020.0,2.83,6657715.0,323176.0,189632.0,6.3343,,supply,,,,6358.91
2025-07-24,22020.0,2.82,6657715.0,323176.0,132186.0,6.3344,,supply,,,,6363.35
2025-07-25,22020.0,2.84,6657715.0,323176.0,150509.0,6.3344,,neutral,,,,6388.64
2025-07-26,22020.0,2.84,6657715.0,323176.0,150509.0,6.3344,,neutral,,,,6388.64
2025-07-27,22020.0,2.84,6657715.0,323176.0,150509.0,6.3344,,neutral,,,,6388.64
2025-07-28,22020.0,2.82,6657715.0,323176.0,170463.0,6.3344,,neutral,,,,6389.77
2025-07-29,22020.0,2.86,6657715.0,323176.0,171018.0,6.3344,,neutral,,,,6370.86
2025-07-30,22020.0,2.89,6642578.0,370507.0,155481.0,6.2719,,supply,,,,6362.9
2025-07-31,22020.0,2.86,6642578.0,370507.0,214445.0,6.2719,,neutral,,,,6339.39
2025-08-01,22087.0,3.13,6642578.0,370507.0,97426.0,6.272,,supply,,,,6238.01
2025-08-02,22087.0,3.13,6642578.0,370507.0,97426.0,6.272,,neutral,,,,6238.01
2025-08-03,22087.0,3.13,6642578.0,370507.0,97426.0,6.272,,neutral,,,,6238.01
2025-08-04,22087.0,3.02,6642578.0,370507.0,125730.0,6.2719,,neutral,,,,6329.94
2025-08-05,22087.0,2.98,6642578.0,370507.0,84356.0,6.272,,supply,,,,6299.19
2025-08-06,22087.0,2.98,6640843.0,421043.0,91966.0,6.2197,,absorb,,,,6345.06
2025-08-07,22087.0,2.95,6640843.0,421043.0,77961.0,6.2197,,supply,,,,6340.0
2025-08-08,22087.0,2.94,6640843.0,421043.0,80303.0,6.2197,,neutral,,,,6389.45
2025-08-09,22087.0,2.94,6640843.0,421043.0,80303.0,6.2197,,neutral,,,,6389.45
2025-08-10,22087.0,2.94,6640843.0,421043.0,80303.0,6.2197,,neutral,,,,6389.45
2025-08-11,22087.0,2.94,6640843.0,421043.0,82214.0,6.2197,,neutral,,,,6373.45
2025-08-12,22087.0,2.93,6640843.0,421043.0,57492.0,6.2197,,supply,,,,6445.76
2025-08-13,22087.0,2.9,6643615.0,504304.0,57202.0,6.1393,,supply,,,,6466.58
2025-08-14,22087.0,2.89,6643615.0,504304.0,28818.0,6.1393,,supply,,,,6468.54
2025-08-15,22087.0,2.88,6643615.0,504304.0,33757.0,6.1393,,neutral,,,,6449.8
2025-08-16,22087.0,2.88,6643615.0,504304.0,33757.0,6.1393,,neutral,,,,6449.8
2025-08-17,22087.0,2.88,6643615.0,504304.0,33757.0,6.1393,,neutral,,,,6449.8
2025-08-18,22087.0,2.88,6643615.0,504304.0,38240.0,6.1393,,neutral,,,,6449.15
2025-08-19,22087.0,2.9,6643615.0,504304.0,22344.0,6.1393,,supply,,,,6411.37
2025-08-20,22087.0,2.94,6618415.0,519534.0,34999.0,6.0988,,absorb,,,,6395.78
2025-08-21,22087.0,2.95,6618415.0,519534.0,25358.0,6.0989,,supply,,,,6370.17
2025-08-22,22087.0,2.88,6618415.0,519534.0,36275.0,6.0988,,neutral,,,,6466.91
2025-08-23,22087.0,2.88,6618415.0,519534.0,36275.0,6.0988,,neutral,,,,6466.91
2025-08-24,22087.0,2.88,6618415.0,519534.0,36275.0,6.0988,,neutral,,,,6466.91
2025-08-25,22087.0,2.8,6618415.0,519534.0,47567.0,6.0988,,neutral,,,,6439.32
2025-08-26,22087.0,2.78,6618415.0,519534.0,28574.0,6.0989,,supply,,,,6465.94
2025-08-27,22087.0,2.78,6603384.0,589998.0,34744.0,6.0134,,absorb,,,,6481.4
2025-08-28,22087.0,2.75,6603384.0,589998.0,31966.0,6.0134,,supply,,,,6501.86
2025-08-29,22087.0,2.82,6603384.0,589998.0,77898.0,6.0133,,neutral,,,,6460.26
2025-08-30,22087.0,2.82,6603384.0,589998.0,77898.0,6.0133,,neutral,,,,6460.26
2025-08-31,22087.0,2.84,6603384.0,589998.0,77898.0,6.0133,,neutral,,,,6460.26
2025-09-01,22170.3,2.84,6603384.0,589998.0,77898.0,6.0133,,neutral,,,,6460.26
2025-09-02,22170.3,2.92,6603384.0,589998.0,21066.0,6.0134,,supply,,,,6415.54
2025-09-03,22170.3,2.88,6602071.0,597513.0,17923.0,6.0045,,supply,,,,6448.26
2025-09-04,22170.3,2.84,6602071.0,597513.0,20128.0,6.0045,,neutral,,,,6502.08
2025-09-05,22170.3,2.83,6602071.0,597513.0,20997.0,6.0045,,neutral,,,,6481.5
2025-09-06,22170.3,2.83,6602071.0,597513.0,20997.0,6.0045,,neutral,,,,6481.5
2025-09-07,22170.3,2.83,6602071.0,597513.0,20997.0,6.0045,,neutral,,,,6481.5
2025-09-08,22170.3,2.84,6602071.0,597513.0,19416.0,6.0045,,supply,,,,6495.15
2025-09-09,22170.3,2.87,6602071.0,597513.0,22915.0,6.0045,,neutral,,,,6512.61
2025-09-10,22170.3,2.84,6605962.0,672274.0,29400.0,5.9337,,absorb,,,,6532.04
2025-09-11,22170.3,2.78,6605962.0,672274.0,26897.0,5.9337,,supply,,,,6587.47
2025-09-12,22170.3,2.79,6605962.0,672274.0,17331.0,5.9337,,supply,,,,6584.29
2025-09-13,22170.3,2.79,6605962.0,672274.0,17331.0,5.9337,,neutral,,,,6584.29
2025-09-14,22170.3,2.79,6605962.0,672274.0,17331.0,5.9337,,neutral,,,,6584.29
2025-09-15,22170.3,2.75,6605962.0,672274.0,16954.0,5.9337,,supply,,,,6615.28
2025-09-16,22170.3,2.79,6605962.0,672274.0,18817.0,5.9337,,neutral,,,,6606.76
2025-09-17,22170.3,2.79,6608597.0,756376.0,13963.0,5.8522,,supply,,,,6600.35
2025-09-18,22170.3,2.71,6608597.0,756376.0,13707.0,5.8522,,supply,,,,6631.96
2025-09-19,22170.3,2.72,6608597.0,756376.0,11363.0,5.8522,,supply,,,,6664.36
2025-09-20,22170.3,2.72,6608597.0,756376.0,11363.0,5.8522,,neutral,,,,6664.36
2025-09-21,22170.3,2.72,6608597.0,756376.0,11363.0,5.8522,,neutral,,,,6664.36
2025-09-22,22170.3,2.69,6608597.0,756376.0,14173.0,5.8522,,neutral,,,,6693.75
2025-09-23,22170.3,2.71,6608597.0,756376.0,14402.0,5.8522,,neutral,,,,6656.92
2025-09-24,22170.3,2.7,6608395.0,804856.0,29172.0,5.8035,,absorb,,,,6637.97
2025-09-25,22170.3,2.76,6608395.0,804856.0,25369.0,5.8035,,supply,,,,6604.72
2025-09-26,22170.3,2.75,6608395.0,804856.0,48073.0,5.8035,,neutral,,,,6643.7
2025-09-27,22170.3,2.75,6608395.0,804856.0,48073.0,5.8035,,neutral,,,,6643.7
2025-09-28,22170.3,2.75,6608395.0,804856.0,48073.0,5.8035,,neutral,,,,6643.7
2025-09-29,22170.3,2.74,6608395.0,804856.0,56220.0,5.8035,,neutral,,,,6661.21
2025-09-30,22170.3,2.8,6608395.0,804856.0,49071.0,5.8035,,supply,,,,6688.46
2025-10-01,22245.1,2.81,6587119.0,805139.0,10179.0,5.782,,supply,,,,6711.2
2025-10-02,22245.1,2.81,6587119.0,805139.0,8436.0,5.782,,supply,,,,6715.35
2025-10-03,22245.1,2.8,6587119.0,805139.0,25392.0,5.782,,neutral,,,,6715.79
2025-10-04,22245.1,2.8,6587119.0,805139.0,25392.0,5.782,,neutral,,,,6715.79
2025-10-05,22245.1,2.8,6587119.0,805139.0,25392.0,5.782,,neutral,,,,6715.79
2025-10-06,22245.1,2.76,6587119.0,805139.0,21776.0,5.782,,supply,,,,6740.28
2025-10-07,22245.1,2.82,6587119.0,805139.0,4622.0,5.782,,supply,,,,6714.59
2025-10-08,22245.1,2.84,6590815.0,807428.0,5231.0,5.7834,,absorb,,,,6753.72
2025-10-09,22245.1,2.95,6590815.0,807428.0,4496.0,5.7834,,supply,,,,6735.11
2025-10-10,22245.1,3.18,6590815.0,807428.0,4124.0,5.7834,,supply,,,,6552.51
2025-10-11,22245.1,3.18,6590815.0,807428.0,4124.0,5.7834,,neutral,,,,6552.51
2025-10-12,22245.1,3.18,6590815.0,807428.0,4124.0,5.7834,,neutral,,,,6552.51
2025-10-13,22245.1,3.18,6590815.0,807428.0,4124.0,5.7834,,neutral,,,,6654.72
2025-10-14,22245.1,3.11,6590815.0,807428.0,3516.0,5.7834,,supply,,,,6644.31
2025-10-15,22245.1,2.95,6596454.0,809593.0,5484.0,5.7869,,absorb,,,,6671.06
2025-10-16,22245.1,3.04,6596454.0,809593.0,6960.0,5.7869,,neutral,,,,6629.07
2025-10-17,22245.1,3.04,6596454.0,809593.0,4102.0,5.7869,,supply,,,,6664.01
2025-10-18,22245.1,3.04,6596454.0,809593.0,4102.0,5.7869,,neutral,,,,6664.01
2025-10-19,22245.1,3.04,6596454.0,809593.0,4102.0,5.7869,,neutral,,,,6664.01
2025-10-20,22245.1,2.99,6596454.0,809593.0,5931.0,5.7869,,neutral,,,,6735.13
2025-10-21,22245.1,2.97,6596454.0,809593.0,4699.0,5.7869,,supply,,,,6735.35
2025-10-22,22245.1,3.01,6589533.0,908001.0,4005.0,5.6815,,supply,,,,6699.4
2025-10-23,22245.1,2.96,6589533.0,908001.0,6941.0,5.6815,,neutral,,,,6738.44
2025-10-24,22245.1,2.88,6589533.0,908001.0,2435.0,5.6815,,supply,,,,6791.69
2025-10-25,22245.1,2.88,6589533.0,908001.0,2435.0,5.6815,,neutral,,,,6791.69
2025-10-26,22245.1,2.88,6589533.0,908001.0,2435.0,5.6815,,neutral,,,,6791.69
2025-10-27,22245.1,2.8,6589533.0,908001.0,10642.0,5.6815,,neutral,,,,6875.16
2025-10-28,22245.1,2.82,6589533.0,908001.0,14096.0,5.6815,,neutral,,,,6890.89
2025-10-29,22245.1,2.76,6587034.0,957990.0,19504.0,5.629,,absorb,,,,6890.59
2025-10-30,22245.1,2.85,6587034.0,957990.0,19166.0,5.629,,supply,,,,6822.34
2025-10-31,22245.1,2.94,6587034.0,957990.0,51802.0,5.629,,neutral,,,,6840.2
2025-11-01,22277.5,2.94,6587034.0,957990.0,51802.0,5.629,,neutral,,,,6840.2
2025-11-02,22277.5,2.94,6587034.0,957990.0,51802.0,5.629,,neutral,,,,6840.2
2025-11-03,22277.5,3.04,6587034.0,957990.0,23792.0,5.629,,supply,,,,6851.97
2025-11-04,22277.5,3.13,6587034.0,957990.0,16983.0,5.629,,supply,,,,6771.55
2025-11-05,22277.5,3.05,6572732.0,940979.0,12814.0,5.6317,,supply,,,,6796.29
2025-11-06,22277.5,3.13,6572732.0,940979.0,10754.0,5.6317,,supply,,,,6720.32
2025-11-07,22277.5,3.15,6572732.0,940979.0,4903.0,5.6317,,supply,,,,6728.8
2025-11-08,22277.5,3.15,6572732.0,940979.0,4903.0,5.6317,,neutral,,,,6728.8
2025-11-09,22277.5,3.15,6572732.0,940979.0,4903.0,5.6317,,neutral,,,,6728.8
2025-11-10,22277.5,3.02,6572732.0,940979.0,7152.0,5.6317,,neutral,,,,6832.43
2025-11-11,22277.5,3.02,6572732.0,940979.0,7152.0,5.6317,,neutral,,,,6846.61
2025-11-12,22277.5,3.02,6580462.0,953816.0,5886.0,5.6266,,supply,,,,6850.92
2025-11-13,22277.5,3.09,6580462.0,953816.0,3761.0,5.6266,,supply,,,,6737.49
2025-11-14,22277.5,3.07,6580462.0,953816.0,1559.0,5.6266,,supply,,,,6734.11
2025-11-15,22277.5,3.07,6580462.0,953816.0,1559.0,5.6266,,neutral,,,,6734.11
2025-11-16,22277.5,3.07,6580462.0,953816.0,1559.0,5.6266,,neutral,,,,6734.11
2025-11-17,22277.5,3.13,6580462.0,953816.0,3172.0,5.6266,,neutral,,,,6672.41
2025-11-18,22277.5,3.2,6580462.0,953816.0,905.0,5.6266,,supply,,,,6617.32
2025-11-19,22277.5,3.17,6555283.0,941926.0,1129.0,5.6134,,supply,,,,6642.16
2025-11-20,22277.5,3.17,6555283.0,941926.0,6520.0,5.6134,,neutral,,,,6538.76
2025-11-21,22277.5,3.19,6555283.0,941926.0,2503.0,5.6134,,supply,,,,6602.99
2025-11-22,22277.5,3.19,6555283.0,941926.0,2503.0,5.6134,,neutral,,,,6602.99
2025-11-23,22277.5,3.19,6555283.0,941926.0,2503.0,5.6134,,neutral,,,,6602.99
2025-11-24,22277.5,3.15,6555283.0,941926.0,1077.0,5.6134,,supply,,,,6705.12
2025-11-25,22277.5,3.1,6555283.0,941926.0,2314.0,5.6134,,neutral,,,,6765.88
2025-11-26,22277.5,3.0,6552419.0,903394.0,2217.0,5.649,,supply,,,,6812.61
2025-11-27,22277.5,3.0,6552419.0,903394.0,2217.0,5.649,,neutral,,,,6812.61
2025-11-28,22277.5,2.95,6552419.0,903394.0,7561.0,5.649,,neutral,,,,6849.09
2025-11-29,22277.5,2.95,6552419.0,903394.0,7561.0,5.649,,neutral,,,,6849.09
2025-11-30,22277.5,2.92,6552419.0,903394.0,7561.0,5.649,,neutral,,,,6849.09
2025-12-01,22353.6,2.94,6552419.0,903394.0,3240.0,5.649,,supply,,,,6812.63
2025-12-02,22353.6,2.92,6552419.0,903394.0,5620.0,5.649,,neutral,,,,6829.37
2025-12-03,22353.6,2.89,6535781.0,937167.0,2514.0,5.5986,,supply,,,,6849.72
2025-12-04,22353.6,2.88,6535781.0,937167.0,2233.0,5.5986,,supply,,,,6857.12
2025-12-05,22353.6,2.85,6535781.0,937167.0,1485.0,5.5986,,supply,,,,6870.4
2025-12-06,22353.6,2.85,6535781.0,937167.0,1485.0,5.5986,,neutral,,,,6870.4
2025-12-07,22353.6,2.85,6535781.0,937167.0,1485.0,5.5986,,neutral,,,,6870.4
2025-12-08,22353.6,2.89,6535781.0,937167.0,1703.0,5.5986,,neutral,,,,6846.51
2025-12-09,22353.6,2.89,6535781.0,937167.0,3211.0,5.5986,,neutral,,,,6840.51
2025-12-10,22353.6,2.91,6539303.0,858946.0,5045.0,5.6804,,supply,,,,6886.68
2025-12-11,22353.6,2.88,6539303.0,858946.0,2874.0,5.6804,,supply,,,,6901.0
2025-12-12,22353.6,2.91,6539303.0,858946.0,838.0,5.6804,,supply,,,,6827.41
2025-12-13,22353.6,2.91,6539303.0,858946.0,838.0,5.6804,,neutral,,,,6827.41
2025-12-14,22353.6,2.91,6539303.0,858946.0,838.0,5.6804,,neutral,,,,6827.41
2025-12-15,22353.6,2.91,6539303.0,858946.0,2601.0,5.6804,,neutral,,,,6816.51
2025-12-16,22353.6,2.98,6539303.0,858946.0,1554.0,5.6804,,supply,,,,6800.26
2025-12-17,22353.6,2.99,6556861.0,833093.0,10361.0,5.7238,,supply,,,,6721.43
2025-12-18,22353.6,2.95,6556861.0,833093.0,11708.0,5.7238,,neutral,,,,6774.76
2025-12-19,22353.6,2.9,6556861.0,833093.0,3047.0,5.7238,,supply,,,,6834.5
2025-12-20,22353.6,2.9,6556861.0,833093.0,3047.0,5.7238,,neutral,,,,6834.5
2025-12-21,22353.6,2.9,6556861.0,833093.0,3047.0,5.7238,,neutral,,,,6834.5
2025-12-22,22353.6,2.88,6556861.0,833093.0,1523.0,5.7238,,supply,,,,6878.49
2025-12-23,22353.6,2.83,6556861.0,833093.0,5893.0,5.7238,,neutral,,,,6909.79
2025-12-24,22353.6,2.84,6581231.0,837120.0,4803.0,5.7441,,supply,,,,6932.05
2025-12-25,22353.6,2.84,6581231.0,837120.0,4803.0,5.7441,,neutral,,,,6932.05
2025-12-26,22353.6,2.86,6581231.0,837120.0,20339.0,5.7441,,neutral,,,,6929.94
2025-12-27,22353.6,2.86,6581231.0,837120.0,20339.0,5.7441,,neutral,,,,6929.94
2025-12-28,22353.6,2.86,6581231.0,837120.0,20339.0,5.7441,,neutral,,,,6929.94
2025-12-29,22353.6,2.87,6581231.0,837120.0,10551.0,5.7441,,supply,,,,6905.74
2025-12-30,22353.6,2.84,6581231.0,837120.0,12605.0,5.7441,,neutral,,,,6896.24
2025-12-31,22353.6,2.81,6640618.0,837306.0,105993.0,5.8032,,absorb,,,,6845.5
2026-01-01,22429.3,2.81,6640618.0,837306.0,105993.0,5.8032,,neutral,,,,6845.5
2026-01-02,22429.3,2.83,6640618.0,837306.0,5667.0,5.8033,,supply,,,,6858.47
2026-01-03,22429.3,2.83,6640618.0,837306.0,5667.0,5.8033,,neutral,,,,6858.47
2026-01-04,22429.3,2.83,6640618.0,837306.0,5667.0,5.8033,,neutral,,,,6858.47
2026-01-05,22429.3,2.81,6640618.0,837306.0,6485.0,5.8033,,neutral,,,,6902.05
2026-01-06,22429.3,2.79,6640618.0,837306.0,2582.0,5.8033,,supply,,,,6944.82
2026-01-07,22429.3,2.79,6573602.0,796148.0,4582.0,5.7774,,supply,,,,6920.93
2026-01-08,22429.3,2.76,6573602.0,796148.0,3083.0,5.7775,,supply,,,,6921.46
2026-01-09,22429.3,2.74,6573602.0,796148.0,3280.0,5.7775,,neutral,,,,6966.28
2026-01-10,22429.3,2.74,6573602.0,796148.0,3280.0,5.7775,,neutral,,,,6966.28
2026-01-11,22429.3,2.74,6573602.0,796148.0,3280.0,5.7775,,neutral,,,,6966.28
2026-01-12,22429.3,2.74,6573602.0,796148.0,3402.0,5.7775,,neutral,,,,6977.27
2026-01-13,22429.3,2.75,6573602.0,796148.0,3277.0,5.7775,,supply,,,,6963.74
2026-01-14,22429.3,2.76,6581700.0,779175.0,3223.0,5.8025,,supply,,,,6926.6
2026-01-15,22429.3,2.71,6581700.0,779175.0,2003.0,5.8025,,supply,,,,6944.47
2026-01-16,22429.3,2.65,6581700.0,779175.0,1222.0,5.8025,,supply,,,,6940.01
2026-01-17,22429.3,2.65,6581700.0,779175.0,1222.0,5.8025,,neutral,,,,6940.01
2026-01-18,22429.3,2.65,6581700.0,779175.0,1222.0,5.8025,,neutral,,,,6940.01
2026-01-19,22429.3,2.65,6581700.0,779175.0,1222.0,5.8025,,neutral,,,,6940.01
2026-01-20,22429.3,2.73,6581700.0,779175.0,3506.0,5.8025,,neutral,,,,6796.86
2026-01-21,22429.3,2.69,6584580.0,869261.0,3344.0,5.7153,,supply,,,,6875.62
2026-01-22,22429.3,2.64,6584580.0,869261.0,2058.0,5.7153,,supply,,,,6913.35
2026-01-23,22429.3,2.68,6584580.0,869261.0,927.0,5.7153,,supply,,,,6915.61
2026-01-24,22429.3,2.68,6584580.0,869261.0,927.0,5.7153,,neutral,,,,6915.61
2026-01-25,22429.3,2.68,6584580.0,869261.0,927.0,5.7153,,neutral,,,,6915.61
2026-01-26,22429.3,2.69,6584580.0,869261.0,1489.0,5.7153,,neutral,,,,6950.23
2026-01-27,22429.3,2.71,6584580.0,869261.0,1253.0,5.7153,,supply,,,,6978.6
2026-01-28,22429.3,2.72,6587568.0,923042.0,1103.0,5.6645,,supply,,,,6978.03
2026-01-29,22429.3,2.77,6587568.0,923042.0,2852.0,5.6645,,neutral,,,,6969.01
2026-01-30,22429.3,2.8,6587568.0,923042.0,9629.0,5.6645,,neutral,,,,6939.03
2026-01-31,22429.3,2.88,6587568.0,923042.0,9629.0,5.6645,,neutral,,,,6939.03
2026-02-01,22627.3,2.88,6587568.0,923042.0,9629.0,5.6645,,neutral,,,,6939.03
2026-02-02,22627.3,2.81,6587568.0,923042.0,10415.0,5.6645,,neutral,,,,6976.44
2026-02-03,22627.3,2.85,6587568.0,923042.0,1785.0,5.6645,,supply,,,,6917.81
2026-02-04,22627.3,2.86,6605909.0,908773.0,2414.0,5.6971,,supply,,,,6882.72
2026-02-05,22627.3,2.97,6605909.0,908773.0,1748.0,5.6971,,supply,,,,6798.4
2026-02-06,22627.3,2.87,6605909.0,908773.0,3111.0,5.6971,,neutral,,,,6932.3
2026-02-07,22627.3,2.87,6605909.0,908773.0,3111.0,5.6971,,neutral,,,,6932.3
2026-02-08,22627.3,2.87,6605909.0,908773.0,3111.0,5.6971,,neutral,,,,6932.3
2026-02-09,22627.3,2.84,6605909.0,908773.0,1306.0,5.6971,,supply,,,,6964.82
2026-02-10,22627.3,2.86,6605909.0,908773.0,1447.0,5.6971,,neutral,,,,6941.81
2026-02-11,22627.3,2.84,6622382.0,915306.0,1048.0,5.7071,,supply,,,,6941.47
2026-02-12,22627.3,2.92,6622382.0,915306.0,2844.0,5.7071,,neutral,,,,6832.76
2026-02-13,22627.3,2.95,6622382.0,915306.0,377.0,5.7071,,supply,,,,6836.17
2026-02-14,22627.3,2.95,6622382.0,915306.0,377.0,5.7071,,neutral,,,,6836.17
2026-02-15,22627.3,2.95,6622382.0,915306.0,377.0,5.7071,,neutral,,,,6836.17
2026-02-16,22627.3,2.94,6622382.0,915306.0,377.0,5.7071,,neutral,,,,6836.17
2026-02-17,22627.3,2.94,6622382.0,915306.0,441.0,5.7071,,neutral,,,,6843.22
2026-02-18,22627.3,2.86,6613395.0,912727.0,856.0,5.7007,,supply,,,,6881.31
2026-02-19,22627.3,2.88,6613395.0,912727.0,632.0,5.7007,,supply,,,,6861.89
2026-02-20,22627.3,2.86,6613395.0,912727.0,496.0,5.7007,,supply,,,,6909.51
2026-02-21,22627.3,2.86,6613395.0,912727.0,496.0,5.7007,,neutral,,,,6909.51
2026-02-22,22627.3,2.86,6613395.0,912727.0,496.0,5.7007,,neutral,,,,6909.51
2026-02-23,22627.3,2.95,6613395.0,912727.0,877.0,5.7007,,neutral,,,,6837.75
2026-02-24,22627.3,2.97,6613395.0,912727.0,917.0,5.7007,,neutral,,,,6890.07
2026-02-25,22627.3,2.94,6613797.0,887612.0,1159.0,5.7262,,supply,,,,6946.13
2026-02-26,22627.3,2.98,6613797.0,887612.0,3796.0,5.7262,,neutral,,,,6908.86
2026-02-27,22627.3,3.1,6613797.0,887612.0,16318.0,5.7262,,neutral,,,,6878.88
2026-02-28,22627.3,3.12,6613797.0,887612.0,16318.0,5.7262,,neutral,,,,6878.88
2026-03-01,22686.0,3.12,6613797.0,887612.0,16318.0,5.7262,,neutral,,,,6878.88
2026-03-02,22686.0,3.03,6613797.0,887612.0,627.0,5.7262,,supply,,,,6881.62
2026-03-03,22686.0,3.08,6613797.0,887612.0,1203.0,5.7262,,neutral,,,,6816.63
2026-03-04,22686.0,2.97,6628894.0,832053.0,877.0,5.7968,,supply,,,,6869.5
2026-03-05,22686.0,3.0,6628894.0,832053.0,2793.0,5.7968,,neutral,,,,6830.71
2026-03-06,22686.0,3.13,6628894.0,832053.0,1512.0,5.7968,,supply,,,,6740.02
2026-03-07,22686.0,3.13,6628894.0,832053.0,1512.0,5.7968,,neutral,,,,6740.02
2026-03-08,22686.0,3.13,6628894.0,832053.0,1512.0,5.7968,,neutral,,,,6740.02
2026-03-09,22686.0,3.19,6628894.0,832053.0,332.0,5.7968,,supply,,,,6795.99
2026-03-10,22686.0,3.06,6628894.0,832053.0,278.0,5.7968,,supply,,,,6781.48
2026-03-11,22686.0,3.09,6646344.0,838186.0,552.0,5.8082,,absorb,,,,6775.8
2026-03-12,22686.0,3.17,6646344.0,838186.0,137.0,5.8082,,supply,,,,6672.62
2026-03-13,22686.0,3.28,6646344.0,838186.0,427.0,5.8082,,neutral,,,,6632.19
2026-03-14,22686.0,3.28,6646344.0,838186.0,427.0,5.8082,,neutral,,,,6632.19
2026-03-15,22686.0,3.28,6646344.0,838186.0,427.0,5.8082,,neutral,,,,6632.19
2026-03-16,22686.0,3.27,6646344.0,838186.0,582.0,5.8082,,neutral,,,,6699.38
2026-03-17,22686.0,3.22,6646344.0,838186.0,797.0,5.8082,,neutral,,,,6716.09
2026-03-18,22686.0,3.2,6655939.0,853052.0,698.0,5.8029,,supply,,,,6624.7
2026-03-19,22686.0,3.27,6655939.0,853052.0,637.0,5.8029,,supply,,,,6606.49
2026-03-20,22686.0,3.24,6655939.0,853052.0,822.0,5.8029,,neutral,,,,6506.48
2026-03-21,22686.0,3.24,6655939.0,853052.0,822.0,5.8029,,neutral,,,,6506.48
2026-03-22,22686.0,3.24,6655939.0,853052.0,822.0,5.8029,,neutral,,,,6506.48
2026-03-23,22686.0,3.19,6655939.0,853052.0,857.0,5.8029,,neutral,,,,6581.0
2026-03-24,22686.0,3.19,6655939.0,853052.0,1123.0,5.8029,,neutral,,,,6556.37
2026-03-25,22686.0,3.17,6657161.0,874077.0,777.0,5.7831,,supply,,,,6591.9
2026-03-26,22686.0,3.21,6657161.0,874077.0,885.0,5.7831,,neutral,,,,6477.16
2026-03-27,22686.0,3.42,6657161.0,874077.0,992.0,5.7831,,neutral,,,,6368.85
2026-03-28,22686.0,3.42,6657161.0,874077.0,992.0,5.7831,,neutral,,,,6368.85
2026-03-29,22686.0,3.42,6657161.0,874077.0,992.0,5.7831,,neutral,,,,6368.85
2026-03-30,22686.0,3.46,6657161.0,874077.0,752.0,5.7831,,supply,,,,6343.72
2026-03-31,22686.0,3.28,6657161.0,874077.0,15782.0,5.7831,,neutral,,,,6528.52
2026-04-01,22686.0,3.16,6675344.0,847718.0,2107.0,5.8276,,supply,,,,6575.32
2026-04-02,22686.0,3.17,6675344.0,847718.0,327.0,5.8276,,supply,,,,6582.69
2026-04-03,22686.0,3.13,6675344.0,847718.0,327.0,5.8276,,neutral,,,,6582.69
2026-04-04,22686.0,3.13,6675344.0,847718.0,327.0,5.8276,,neutral,,,,6582.69
2026-04-05,22686.0,3.13,6675344.0,847718.0,327.0,5.8276,,neutral,,,,6582.69
2026-04-06,22686.0,3.05,6675344.0,847718.0,227.0,5.8276,,supply,,,,6611.83
2026-04-07,22686.0,3.12,6675344.0,847718.0,15345.0,5.8276,,neutral,,,,6616.85
2026-04-08,22686.0,2.94,6693871.0,748376.0,177.0,5.9455,,supply,,,,6782.81
2026-04-09,22686.0,2.9,6693871.0,748376.0,402.0,5.9455,,neutral,,,,6824.66
2026-04-10,22686.0,2.94,6693871.0,748376.0,507.0,5.9455,,neutral,,,,6816.89
2026-04-11,22686.0,2.94,6693871.0,748376.0,507.0,5.9455,,neutral,,,,6816.89
2026-04-12,22686.0,2.94,6693871.0,748376.0,507.0,5.9455,,neutral,,,,6816.89
2026-04-13,22686.0,2.95,6693871.0,748376.0,227.0,5.9455,,supply,,,,6886.24
2026-04-14,22686.0,2.84,6693871.0,748376.0,306.0,5.9455,,neutral,,,,6967.38
2026-04-15,22686.0,2.85,6705696.0,751354.0,223.0,5.9543,,supply,,,,7022.95
2026-04-16,,2.86,6705696.0,751354.0,158.0,5.9543,,supply,,,,7041.28
2026-04-17,,2.83,6705696.0,751354.0,137.0,5.9543,,supply,,,,7126.06
2026-04-18,,2.83,6705696.0,751354.0,137.0,5.9543,,neutral,,,,7126.06
2026-04-19,,2.83,6705696.0,751354.0,137.0,5.9543,,neutral,,,,7126.06
2026-04-20,,2.87,6705696.0,751354.0,503.0,5.9543,,neutral,,,,7109.14
2026-04-21,,2.85,6705696.0,751354.0,807.0,5.9543,,neutral,,,,7064.01
2026-04-22,,2.84,6707419.0,1005968.0,538.0,5.7015,,supply,,,,7137.9
2026-04-23,,2.86,6707419.0,1005968.0,114.0,5.7015,,supply,,,,7108.4
2026-04-24,,2.86,6707419.0,1005968.0,82.0,5.7015,,supply,,,,7165.08
2026-04-25,,2.86,6707419.0,1005968.0,82.0,5.7015,,neutral,,,,7165.08
2026-04-26,,2.86,6707419.0,1005968.0,82.0,5.7015,,neutral,,,,7165.08
2026-04-27,,2.84,6707419.0,1005968.0,363.0,5.7015,,neutral,,,,7173.91
2026-04-28,,2.85,6707419.0,1005968.0,643.0,5.7015,,neutral,,,,7138.8
2026-04-29,,2.82,6699950.0,981929.0,747.0,5.718,,supply,,,,7135.95
2026-04-30,,2.83,6699950.0,981929.0,8261.0,5.718,,neutral,,,,7209.01
2026-05-01,,2.77,6699950.0,981929.0,607.0,5.718,,supply,,,,7230.12
2026-05-02,,2.77,6699950.0,981929.0,607.0,5.718,,neutral,,,,7230.12
2026-05-03,,2.77,6699950.0,981929.0,607.0,5.718,,neutral,,,,7230.12
2026-05-04,,2.78,6699950.0,981929.0,618.0,5.718,,neutral,,,,7200.75
2026-05-05,,2.77,6699950.0,981929.0,1122.0,5.718,,neutral,,,,7259.22
2026-05-06,,2.75,6709505.0,877761.0,1633.0,5.8317,,supply,,,,7365.12
2026-05-07,,2.79,6709505.0,877761.0,773.0,5.8317,,supply,,,,7337.11
2026-05-08,,2.81,6709505.0,877761.0,787.0,5.8317,,neutral,,,,7398.93
2026-05-09,,2.81,6709505.0,877761.0,787.0,5.8317,,neutral,,,,7398.93
2026-05-10,,2.81,6709505.0,877761.0,787.0,5.8317,,neutral,,,,7398.93
2026-05-11,,2.79,6709505.0,877761.0,1133.0,5.8317,,neutral,,,,7412.84
2026-05-12,,2.82,6709505.0,877761.0,1199.0,5.8317,,neutral,,,,7400.96
2026-05-13,,2.82,6728502.0,838584.0,3719.0,5.8899,,supply,,,,7444.25
2026-05-14,,2.76,6728502.0,838584.0,2034.0,5.8899,,supply,,,,7501.24
2026-05-15,,2.8,6728502.0,838584.0,647.0,5.8899,,supply,,,,7408.5
2026-05-16,22686.0,2.76,6728502.0,838584.0,647.0,5.8893,,neutral,,,,7408.5
2026-05-17,22686.0,2.76,6728502.0,838584.0,647.0,5.8893,,neutral,,,,7408.5
2026-05-18,22686.0,2.83,6728502.0,838584.0,7193.0,5.8827,,neutral,,,,7403.05
2026-05-19,22686.0,2.86,6728502.0,838584.0,12911.0,5.877,,neutral,,,,7353.61
2026-05-20,22686.0,2.8,6728502.0,838584.0,24867.0,5.8651,,neutral,,,,7432.97
2026-05-21,22686.0,2.78,6713643.0,781293.0,3281.0,5.9291,,supply,,,,7445.72
2026-05-22,22686.0,2.78,6713643.0,781293.0,965.0,5.9314,3106715000.0,supply,,,,7473.47
2026-05-23,22686.0,2.78,6713643.0,781293.0,965.0,5.9314,3106715000.0,neutral,,,,7473.47
2026-05-24,22686.0,2.78,6713643.0,781293.0,965.0,5.9314,3106715000.0,neutral,,,,7473.47
2026-05-25,22686.0,2.74,6713643.0,781293.0,965.0,5.9314,3106715000.0,neutral,,,,7473.47
2026-05-26,22804.5,2.72,6713643.0,781293.0,1787.0,5.9306,3106715000.0,neutral,,,,7519.12
2026-05-27,22804.5,2.72,6713643.0,781293.0,1853.0,5.9305,3106715000.0,neutral,,,,7520.36
2026-05-29,22804.5,2.72,6704383.0,830296.0,11677.0,5.8624,3067025000.0,absorb,,,,7580.06
2026-05-30,,2.72,,830296.0,,,3067025000.0,neutral,,,,7580.06
2026-05-31,22804.5,2.74,6704383.0,,11677.0,,3067025000.0,neutral,0,3,実質的にTIGHTENINGに近い状態（NET流動性3週連続減少）,7580.06
2026-06-01,22804.5,2.72,,830296.0,1302.0,,,supply,0,3,実質的にTIGHTENINGに近い状態（NET流動性3週連続減少）,7599.96
2026-06-03,22804.5,2.72,6704383.0,830296.0,2502.0,5.8716,3067025000.0,neutral,0,0,,7553.68
2026-06-04,22804.5,2.75,6704383.0,830296.0,2062.0,5.872,3067025.0,supply,0,0,,7584.31
2026-06-05,22804.5,2.74,6711495.0,875713.0,761.0,5.835,3045654.0,supply,0,1,EASING認識の見直しを推奨（ステルス吸収額が政策供給額を超過）,7383.74
2026-06-06,22804.5,2.74,6711495.0,875713.0,761.0,5.835,3045654.0,neutral,0,0,,7383.74
2026-06-07,22804.5,2.74,6711495.0,875713.0,761.0,5.835,3045654.0,neutral,0,0,,7383.74
2026-06-08,22804.5,2.76,6711495.0,875713.0,1832.0,5.8339,3045654.0,neutral,0,1,EASING認識の見直しを推奨（ステルス吸収額が政策供給額を超過）,7405.73
2026-06-09,22804.5,2.75,6711495.0,875713.0,577.0,5.8352,3045654.0,supply,0,0,,7386.65
2026-06-10,22804.5,2.78,6711495.0,875713.0,387.0,5.8354,3045654.0,supply,0,0,,7266.99
2026-06-11,22804.5,2.8,6725397.0,828122.0,460.0,5.8968,3111454.0,supply,0,0,,7394.3
2026-06-12,22804.5,2.78,6725397.0,828122.0,454.0,5.8968,3111454.0,supply,0,0,,7431.46
2026-06-13,22804.5,2.78,6725397.0,828122.0,454.0,5.8968,3111454.0,neutral,0,0,,7431.46
2026-06-14,22804.5,2.78,6725397.0,828122.0,454.0,5.8968,3111454.0,neutral,0,0,,7431.46
2026-06-16,22804.5,2.66,6725397.0,828122.0,10721.0,5.8866,3111454.0,neutral,0,1,EASING認識の見直しを推奨（ステルス吸収額が政策供給額を超過）,7511.35
2026-06-17,22804.5,2.71,6725397.0,828122.0,6828.0,5.8904,3111454.0,supply,0,0,,7420.1
2026-06-19,22804.5,2.63,6736424.0,880713.0,251.0,5.8555,2936355.0,supply,0,1,EASING認識の見直しを推奨（ステルス吸収額が政策供給額を超過）,7500.58
2026-06-20,22804.5,2.63,6736424.0,880713.0,251.0,5.8555,2936355.0,neutral,0,0,,7500.58
2026-06-21,22804.5,2.63,6736424.0,880713.0,251.0,5.8555,2936355.0,neutral,0,0,,7500.58
2026-06-22,22804.5,2.66,6736424.0,880713.0,3925.0,5.8518,2936355.0,neutral,0,1,EASING認識の見直しを推奨（ステルス吸収額が政策供給額を超過）,7472.79
2026-06-23,23052.3,2.65,6736424.0,880713.0,6484.0,5.8492,2936355.0,neutral,0,2,EASING認識の見直しを推奨（ステルス吸収額が政策供給額を超過）,7365.46
2026-06-24,23052.3,2.71,6736424.0,880713.0,4534.0,5.8512,2936355.0,supply,0,0,,7358.22
2026-06-25,23052.3,2.76,6735645.0,918696.0,5718.0,5.8112,2954465.0,absorb,1,1,EASING認識の見直しを推奨（ステルス吸収額が政策供給額を超過）,7357.49
2026-06-26,23052.3,2.78,6735645.0,918696.0,6426.0,5.8105,2954465.0,neutral,0,2,EASING認識の見直しを推奨（ステルス吸収額が政策供給額を超過）,7354.02
2026-06-27,23052.3,2.78,6735645.0,918696.0,6426.0,5.8105,2954465.0,neutral,0,0,,7354.02
2026-06-28,23052.3,2.78,6735645.0,918696.0,6426.0,5.8105,2954465.0,neutral,0,0,,7354.02
2026-06-29,23052.3,2.83,6735645.0,918696.0,3546.0,5.8134,2954465.0,supply,0,0,,7440.43
2026-06-30,23052.3,2.8,6735645.0,918696.0,26900.0,5.79,2954465.0,neutral,0,1,EASING認識の見直しを推奨（ステルス吸収額が政策供給額を超過）,7499.36
2026-07-01,23052.3,2.75,6735645.0,918696.0,1001.0,5.8159,2954465.0,supply,0,0,,7483.23
2026-07-02,23052.3,2.74,6724564.0,880237.0,2175.0,5.8422,3077019.0,supply,0,0,,7483.24
2026-07-03,23052.3,2.75,6724564.0,880237.0,2175.0,5.8422,3077019.0,neutral,0,0,,7483.24
2026-07-04,23052.3,2.75,6724564.0,880237.0,2175.0,5.8422,3077019.0,neutral,0,0,,7483.24
2026-07-05,23052.3,2.75,6724564.0,880237.0,2175.0,5.8422,3077019.0,neutral,0,0,,7483.24
2026-07-06,23052.3,2.74,6724564.0,880237.0,2719.0,5.8416,3077019.0,neutral,0,1,EASING認識の見直しを推奨（ステルス吸収額が政策供給額を超過）,7537.43
2026-07-07,23052.3,2.72,6724564.0,880237.0,4484.0,5.8398,3077019.0,neutral,0,2,EASING認識の見直しを推奨（ステルス吸収額が政策供給額を超過）,7503.85
2026-07-08,23052.3,2.67,6724564.0,880237.0,3347.0,5.841,3077019.0,supply,0,0,,7482.71
2026-07-09,23052.3,2.7,6735609.0,774062.0,5772.0,5.9558,3137377.0,supply,0,0,,7543.64
2026-07-10,23052.3,2.7,6735609.0,774062.0,545.0,5.961,3137377.0,supply,0,0,,7575.39
2026-07-13,23052.3,2.69,6735609.0,774062.0,795.0,5.9608,3137377.0,neutral,0,1,EASING認識の見直しを推奨（ステルス吸収額が政策供給額を超過）,7515.34
2026-07-14,23052.3,2.69,6735609.0,774062.0,278.0,5.9613,3137377.0,supply,0,0,,7543.59
2026-07-15,23052.3,2.72,6735609.0,774062.0,151.0,5.9614,3137377.0,supply,0,0,,7572.4
2026-07-16,23052.3,2.71,6743028.0,756218.0,125.0,5.9867,3100448.0,supply,0,0,,7533.77
2026-07-17,23052.3,2.71,6743028.0,756218.0,100.0,5.9867,3100448.0,supply,0,0,,7457.69
2026-07-20,23052.3,2.73,6743028.0,756218.0,30.0,5.9868,3100448.0,supply,0,0,,7443.28
2026-07-21,23052.3,2.69,6743028.0,756218.0,275.0,5.9865,3100448.0,neutral,0,1,EASING認識の見直しを推奨（ステルス吸収額が政策供給額を超過）,7509.2
2026-07-22,23052.3,2.69,6743028.0,756218.0,376.0,5.9864,3100448.0,neutral,0,2,EASING認識の見直しを推奨（ステルス吸収額が政策供給額を超過）,7498.96
2026-07-23,23052.3,2.68,6747378.0,829623.0,904.0,5.9169,3064896.0,absorb,1,3,実質的にTIGHTENINGに近い状態（NET流動性3週連続減少）|EASING認識の見直しを推奨（ステルス吸収額が政策供給額を超過）,7408.3
2026-07-24,23052.3,2.77,6747378.0,829623.0,675.0,5.9171,3064896.0,supply,0,0,,7411.98
2026-07-27,23052.3,2.79,6747378.0,829623.0,1380.0,5.9164,3064896.0,neutral,0,1,EASING認識の見直しを推奨（ステルス吸収額が政策供給額を超過）,7413.18
2026-07-28,23155.2,2.81,6747378.0,829623.0,1126.0,5.9166,3064896.0,supply,0,0,,7428.78
2026-07-29,23155.2,2.84,6747378.0,829623.0,2576.0,5.9152,3064896.0,neutral,0,1,EASING認識の見直しを推奨（ステルス吸収額が政策供給額を超過）,7316.15
2026-07-31,23155.2,2.84,6738190.0,910776.0,2151.0,5.8253,2944541.0,supply,0,2,EASING認識の見直しを推奨（ステルス吸収額が政策供給額を超過）,7489.72
2026-08-03,23155.2,2.84,6738190.0,910776.0,2127.0,5.8253,2944541.0,supply,0,0,,7600.5
2026-08-04,23155.2,2.78,6738190.0,910776.0,2251.0,5.8252,2944541.0,neutral,0,1,EASING認識の見直しを推奨（ステルス吸収額が政策供給額を超過）,7736.52
2026-08-07,23155.2,2.71,6748567.0,907324.0,1450.0,5.8398,3002731.0,supply,0,0,,7757.64
2026-08-10,23155.2,2.7,6748567.0,907324.0,975.0,5.8403,3002731.0,supply,0,0,,7753.11
2026-08-11,23155.2,2.7,6748567.0,907324.0,1250.0,5.84,3002731.0,neutral,0,1,EASING認識の見直しを推奨（ステルス吸収額が政策供給額を超過）,7728.2
2026-08-13,23155.2,2.72,6748567.0,907324.0,725.0,5.8405,3002731.0,supply,0,0,,7798.99
2026-08-14,23155.2,2.71,6759955.0,963950.0,450.0,5.7956,2947630.0,supply,0,1,EASING認識の見直しを推奨（ステルス吸収額が政策供給額を超過）,7785.76
2026-08-15,23155.2,2.71,6759955.0,963950.0,250.0,5.7958,2947630.0,supply,0,0,,7785.76
2026-08-17,23155.2,2.71,6759955.0,963950.0,250.0,5.7958,2947630.0,neutral,0,0,,7745.06
2026-08-18,23155.2,2.67,6759955.0,963950.0,255.0,5.7957,2947630.0,neutral,0,1,EASING認識の見直しを推奨（ステルス吸収額が政策供給額を超過）,7691.76
2026-08-19,23155.2,2.7,6759955.0,963950.0,155.0,5.7958,2947630.0,supply,0,0,,7707.98
2026-08-21,23155.2,2.73,6745699.0,953612.0,225.0,5.7919,2930817.0,supply,0,1,,7674.37
2026-08-22,23155.2,2.75,6745699.0,953612.0,200.0,5.7919,2930817.0,supply,0,0,,7674.37
2026-08-25,23155.2,2.7,6745699.0,953612.0,380.0,5.7917,2930817.0,neutral,0,1,EASING認識の見直しを推奨（ステルス吸収額が政策供給額を超過）,7652.86
2026-08-27,23218.0,2.69,6745699.0,953612.0,405.0,5.7917,2930817.0,neutral,0,0,EASING認識の見直しを推奨（ステルス吸収額が政策供給額を超過）,7677.28
2026-08-28,23218.0,2.67,6745699.0,953612.0,456.0,5.7916,2930817.0,neutral,0,1,EASING認識の見直しを推奨（ステルス吸収額が政策供給額を超過）,7675.7
2026-08-29,23218.0,2.63,6730912.0,950736.0,175.0,5.78,2916824.0,supply,0,2,,7730.99
2026-08-30,23218.0,2.63,6730912.0,950736.0,175.0,5.78,2916824.0,neutral,0,0,,7711.76
2026-09-01,23218.0,2.6,6730912.0,950736.0,175.0,5.78,2916824.0,neutral,0,0,,7711.76
2026-09-02,23218.0,2.6,6730912.0,950736.0,6726.0,5.7735,2916824.0,neutral,0,1,EASING認識の見直しを推奨（ステルス吸収額が政策供給額を超過）,7686.14
2026-09-03,23218.0,2.63,6730912.0,950736.0,725.0,5.7795,2916824.0,supply,0,0,,7631.47
2026-09-04,23218.0,2.65,6730912.0,950736.0,525.0,5.7797,2916824.0,supply,0,0,,7666.6
2026-09-05,23218.0,2.66,6737204.0,967935.0,702.0,5.7686,2929285.0,absorb,1,1,EASING認識の見直しを推奨（ステルス吸収額が政策供給額を超過）,7747.71
2026-09-09,23218.0,2.65,6737204.0,967935.0,675.0,5.7686,2929285.0,supply,0,0,,7718.6
2026-09-10,23218.0,2.68,6737204.0,967935.0,626.0,5.7686,2929285.0,supply,0,0,,7673.52
2026-09-11,23218.0,2.67,6737204.0,967935.0,432.0,5.7688,2929285.0,supply,0,0,,7636.36
