{
  "intrinsic_value_pt": 155914921482.13394,
  "intrinsic_value_per_share": 95.6292225704394,
  "v0": 94569057711.0947,
  "v0_adjusted": 95258443654.58302,
  "alpha": 0.6367569687312719,
  "alpha_was_capped": false,
  "future_values": {
    "1年後": 114.32,
    "2年後": 136.68,
    "3年後": 163.4
  },
  "upside_percent": -65.6,
  "calculation_date": "2026-04-18",
  "formula": "Koichi式 v6.2.0（動的WACC + three_stage DCF + FCFベース自動判定 + 成長オプション）",
  "dcf_type": "three_stage",
  "wacc": {
    "value": 0.10570000000000002,
    "beta": 1.1,
    "risk_free_rate": 0.043,
    "market_return": 0.1,
    "method": "CAPM"
  },
  "sensitivity": {
    "matrix": [
      [
        80.1,
        102.78,
        129.75
      ],
      [
        69.43,
        88.5,
        110.78
      ],
      [
        61.24,
        77.57,
        96.3
      ]
    ],
    "wacc_values": [
      0.096,
      0.106,
      0.116
    ],
    "growth_years": [
      3,
      5,
      7
    ],
    "base_wacc": 0.10570000000000002,
    "base_years": 5
  },
  "growth_scenarios": {
    "primary": {
      "rate": 0.19549999999999998,
      "source": "segment_weighted"
    },
    "segment": {
      "enabled": true,
      "weighted_growth": 0.19549999999999998,
      "fiscal_year": "FY2024",
      "source": "segment_config"
    }
  },
  "scenario_valuations": {
    "bear": {
      "growth_rate": 0.137,
      "intrinsic_value_per_share": 70.91
    },
    "base": {
      "growth_rate": 0.195,
      "intrinsic_value_per_share": 88.87
    },
    "bull": {
      "growth_rate": 0.235,
      "intrinsic_value_per_share": 102.86
    }
  },
  "growth_options": {
    "total_pv": 433960713.40511227,
    "count": 1,
    "applied": true,
    "options": [
      {
        "name": "AI PC / Client AI",
        "tam": 40000000000,
        "penetration": 0.2,
        "fcf_margin": 0.15,
        "probability": 0.55,
        "delay_years": 3,
        "expected_fcf": 660000000.0,
        "pv": 433960713.40511227,
        "note": "NPU搭載RyzenによるAI PC市場の取り込み。"
      }
    ]
  },
  "maturity_profile": {
    "type": "three_stage",
    "phase1": {
      "years": 4,
      "growth": null
    },
    "phase2": {
      "years": 4,
      "growth": 0.1
    },
    "terminal_growth": 0.03
  },
  "dcf_components": {
    "v0": 94569057711.0947,
    "pv_phase1": 16200473442.007719,
    "pv_phase2": 17911756895.8061,
    "pv_high_growth": 34112230337.81382,
    "pv_terminal": 60456827373.28088,
    "phase1_detail": [
      {
        "year": 1,
        "phase": "phase1",
        "growth_rate": 0.19549999999999998,
        "fcf": 3968103600.0,
        "discount_factor": 1.1057000000000001,
        "pv": 3588770552.5911183
      },
      {
        "year": 2,
        "phase": "phase1",
        "growth_rate": 0.19549999999999998,
        "fcf": 4743867853.8,
        "discount_factor": 1.2225724900000003,
        "pv": 3880234417.674488
      },
      {
        "year": 3,
        "phase": "phase1",
        "growth_rate": 0.19549999999999998,
        "fcf": 5671294019.2179,
        "discount_factor": 1.3517984021930005,
        "pv": 4195369671.9995027
      },
      {
        "year": 4,
        "phase": "phase1",
        "growth_rate": 0.19549999999999998,
        "fcf": 6780031999.974999,
        "discount_factor": 1.4946834933048008,
        "pv": 4536098799.742611
      }
    ],
    "phase2_detail": [
      {
        "year": 5,
        "phase": "phase2",
        "growth_rate": 0.1,
        "fcf": 7458035199.9725,
        "discount_factor": 1.6526715385471185,
        "pv": 4512714732.492422
      },
      {
        "year": 6,
        "phase": "phase2",
        "growth_rate": 0.1,
        "fcf": 8203838719.96975,
        "discount_factor": 1.827358920171549,
        "pv": 4489451212.572727
      },
      {
        "year": 7,
        "phase": "phase2",
        "growth_rate": 0.1,
        "fcf": 9024222591.966726,
        "discount_factor": 2.020510758033682,
        "pv": 4466307618.5493355
      },
      {
        "year": 8,
        "phase": "phase2",
        "growth_rate": 0.1,
        "fcf": 9926644851.1634,
        "discount_factor": 2.2340787451578423,
        "pv": 4443283332.191615
      }
    ],
    "terminal_fcf": 10224444196.698303,
    "terminal_value": 135065313034.32365,
    "dcf_type": "three_stage"
  },
  "fcf_base": {
    "base_fcf": 3319200000.0,
    "method": "avg_5yr",
    "fcf_5yr_avg": 3319200000.0,
    "fcf_2yr_avg": 3319200000.0,
    "ratio": 1.0,
    "threshold": 1.5
  },
  "components": {
    "fcf_5yr_avg": 3319200000.0,
    "fcf_2yr_avg": 0.0,
    "fcf_base_used": 3319200000.0,
    "fcf_base_method": "avg_5yr",
    "fcf_list_raw": [
      3220000000,
      3115000000,
      1121000000,
      2405000000,
      6735000000
    ],
    "diluted_shares": 1630410844,
    "roe_10yr_avg": 0.16025050379737013,
    "current_price": 278.39,
    "latest_revenue": 34639000000.0,
    "rpo": 315000000.0,
    "beta": 1.1,
    "sector": "Technology",
    "eps_data": {
      "ticker": "AMD"
    },
    "_shares_source": "yf_implied",
    "_beta_source": "beta_config(Semiconductor)",
    "high_growth_rate_used": 0.19549999999999998,
    "high_growth_years": 5,
    "terminal_growth_used": 0.03,
    "pv_high": 34112230337.81382,
    "pv_terminal": 60456827373.28088,
    "roe_used": 0.16025050379737013,
    "fcf_floor_applied": 0.0,
    "rpo_pv": 255425230.08321643,
    "growth_option_pv": 433960713.40511227,
    "alpha_uncapped": 0.6367569687312719
  },
  "validation": {
    "validated_at": "2026-04-18",
    "model": "basic_checks",
    "checks": {
      "pt_shares_consistency": {
        "pass": true,
        "detail": "(V₀ $94.57B + RPO $0.26B + GO $0.43B) × (1+0.637) / 1.630B = $95.63 (差異0.00%)"
      },
      "dcf_components": {
        "pass": true,
        "detail": "3段階: P1 $16.20B + P2 $17.91B + TV $60.46B = $94.57B (差異0.00%)"
      },
      "formula_verification": {
        "pass": true,
        "detail": "α計算: ROE 16.0% × 60% / WACC 10.57% × 0.7 = 0.6368 (実際0.6368)"
      },
      "anomaly_detection": {
        "pass": true,
        "detail": "異常値なし"
      }
    },
    "overall": "PASS",
    "ai_comment": null
  }
}