{
  "intrinsic_value_pt": 80338462245.53772,
  "intrinsic_value_per_share": 49.439053689561675,
  "v0": 80338462245.53772,
  "alpha": 0.0,
  "future_values": {
    "1年後": 70.18,
    "2年後": 99.64,
    "3年後": 141.45
  },
  "upside_percent": -78.7,
  "calculation_date": "2026-04-09",
  "formula": "Koichi式 v5.1 Phase 4（将来価値予測版）",
  "components": {
    "fcf_5yr_avg": 1701800000.0,
    "diluted_shares": 1625000000,
    "roe_10yr_avg": -0.3390030721526027,
    "current_price": 231.82,
    "fcf_list_raw": [
      276000000,
      777000000,
      3220000000,
      3115000000,
      1121000000
    ],
    "latest_revenue": 22680000000.0,
    "eps_data": {
      "ticker": "AMD"
    },
    "high_growth_rate_used": 0.4196266142693943,
    "pv_high": 8951937858.10027,
    "pv_terminal": 71386524387.43745,
    "roe_used": -0.3390030721526027,
    "fcf_floor_applied": 0.0
  }
}