{
  "intrinsic_value_pt": 107246813598.26418,
  "intrinsic_value_per_share": 28.580614933342968,
  "v0": 67915881755.753624,
  "v0_adjusted": 76365186192.15717,
  "alpha": 0.4043940563229925,
  "alpha_was_capped": false,
  "future_values": {
    "1年後": 32.5,
    "2年後": 36.95,
    "3年後": 42.01
  },
  "upside_percent": -91.8,
  "calculation_date": "2026-04-12",
  "formula": "Koichi式 v6.0.0（動的WACC＋感度分析＋セグメント成長率）",
  "wacc": {
    "value": 0.152155,
    "beta": 1.915,
    "risk_free_rate": 0.043,
    "market_return": 0.1,
    "method": "CAPM"
  },
  "sensitivity": {
    "matrix": [
      [
        27.28,
        31.05,
        34.78
      ],
      [
        25.26,
        28.62,
        31.88
      ],
      [
        23.55,
        26.55,
        29.43
      ]
    ],
    "wacc_values": [
      0.142,
      0.152,
      0.162
    ],
    "growth_years": [
      3,
      5,
      7
    ],
    "base_wacc": 0.152155,
    "base_years": 5
  },
  "growth_scenarios": {
    "primary": {
      "rate": 0.13699999999999998,
      "source": "segment_weighted"
    },
    "segment": {
      "enabled": true,
      "weighted_growth": 0.13699999999999998,
      "fiscal_year": "FY2024",
      "source": "segment_config",
      "segments": [
        {
          "name": "Automotive",
          "weight": 0.82,
          "growth": 0.1
        },
        {
          "name": "Energy",
          "weight": 0.1,
          "growth": 0.35
        },
        {
          "name": "Services",
          "weight": 0.08,
          "growth": 0.25
        }
      ]
    }
  },
  "scenario_valuations": {
    "bear": {
      "growth_rate": 0.096,
      "intrinsic_value_per_share": 24.94
    },
    "base": {
      "growth_rate": 0.137,
      "intrinsic_value_per_share": 28.58
    },
    "bull": {
      "growth_rate": 0.164,
      "intrinsic_value_per_share": 31.29
    }
  },
  "components": {
    "fcf_5yr_avg": 5348600000.0,
    "fcf_list_raw": [
      5015000000,
      7566000000,
      4358000000,
      3584000000,
      6220000000
    ],
    "diluted_shares": 3752431984,
    "roe_10yr_avg": 0.14650137533291652,
    "current_price": 348.95,
    "latest_revenue": 94827000000.0,
    "rpo": 10420000000.0,
    "beta": 1.915,
    "sector": "Consumer Cyclical",
    "eps_data": {
      "ticker": "TSLA"
    },
    "_shares_source": "yf_implied",
    "_beta_source": "yfinance",
    "high_growth_rate_used": 0.13699999999999998,
    "high_growth_years": 5,
    "pv_high": 25706025253.60206,
    "pv_terminal": 42209856502.151566,
    "roe_used": 0.14650137533291652,
    "fcf_floor_applied": 0.0,
    "rpo_adjustment": 8449304436.40354,
    "alpha_uncapped": 0.4043940563229925
  },
  "validation": {
    "validated_at": "2026-04-12",
    "model": "basic_checks",
    "checks": {
      "pt_shares_consistency": {
        "pass": false,
        "detail": "P_t $95.38B / 3.752B = $25.42 (差異11.06%)"
      },
      "dcf_components": {
        "pass": true,
        "detail": "pv_high $25.71B + pv_terminal $42.21B = $67.92B (差異0.00%)"
      },
      "formula_verification": {
        "pass": false,
        "detail": "α計算: ROE 14.7% × 60% / 8.5% × 0.7 = 0.7239 (実際0.4044)"
      },
      "anomaly_detection": {
        "pass": true,
        "detail": "異常値なし"
      }
    },
    "overall": "WARN",
    "ai_comment": null
  }
}