{
  "intrinsic_value_pt": 343739950240.22235,
  "intrinsic_value_per_share": 97.43195868487028,
  "v0": 195705533632.07153,
  "v0_adjusted": 204154838068.47507,
  "alpha": 0.6837217941655116,
  "alpha_was_capped": false,
  "future_values": {
    "1年後": 138.15,
    "2年後": 195.88,
    "3年後": 277.73
  },
  "upside_percent": -71.6,
  "calculation_date": "2026-04-09",
  "formula": "Koichi式 v5.2（αキャップ＋RPO補正＋データガード）",
  "components": {
    "fcf_5yr_avg": 4160400000.0,
    "diluted_shares": 3528000000,
    "roe_10yr_avg": 0.13837226786682974,
    "current_price": 343.25,
    "fcf_list_raw": [
      1078000000,
      2786000000,
      5015000000,
      7566000000,
      4357000000
    ],
    "latest_revenue": 96773000000.0,
    "rpo": 10420000000.0,
    "eps_data": {
      "ticker": "TSLA"
    },
    "high_growth_rate_used": 0.41788889065629453,
    "pv_high": 21826584146.380737,
    "pv_terminal": 173878949485.6908,
    "roe_used": 0.13837226786682974,
    "fcf_floor_applied": 0.0,
    "rpo_adjustment": 8449304436.40354,
    "alpha_uncapped": 0.6837217941655116
  }
}