{
  "intrinsic_value_pt": 2115258069.7800121,
  "intrinsic_value_per_share": 1.6648118070620743,
  "v0": 1617485606.984067,
  "v0_adjusted": 1624406414.4087026,
  "alpha": 0.30217293592132455,
  "alpha_was_capped": false,
  "future_values": {
    "1年後": 2.08,
    "2年後": 2.6,
    "3年後": 3.25
  },
  "upside_percent": -89.7,
  "calculation_date": "2026-04-10",
  "formula": "Koichi式 v5.2（αキャップ＋RPO補正＋データガード）",
  "components": {
    "fcf_5yr_avg": -4269811800.0,
    "diluted_shares": 1270568878,
    "roe_10yr_avg": 0.061154046555506165,
    "current_price": 16.225,
    "fcf_list_raw": [
      -1402478000,
      -7349059000,
      -7338548000,
      -1274072000,
      -3984902000
    ],
    "latest_revenue": 619353000.0,
    "rpo": 8535000.0,
    "eps_data": {
      "ticker": "SOFI"
    },
    "high_growth_rate_used": 0.25,
    "pv_high": 198612385.756827,
    "pv_terminal": 1418873221.22724,
    "roe_used": 0.061154046555506165,
    "fcf_floor_applied": 4319360040.0,
    "rpo_adjustment": 6920807.424635721,
    "alpha_uncapped": 0.30217293592132455
  }
}