{
  "intrinsic_value_pt": 1106718381.144538,
  "intrinsic_value_per_share": 0.8841249059485814,
  "v0": 1100657910.764722,
  "v0_adjusted": 1106718381.144538,
  "alpha": 0.0,
  "alpha_was_capped": false,
  "future_values": {
    "1年後": 1.11,
    "2年後": 1.38,
    "3年後": 1.73
  },
  "upside_percent": -94.6,
  "calculation_date": "2026-04-09",
  "formula": "Koichi式 v5.2（αキャップ＋RPO補正＋データガード）",
  "components": {
    "fcf_5yr_avg": -3337258600.0,
    "diluted_shares": 1251767000,
    "roe_10yr_avg": 0.0,
    "current_price": 16.49,
    "fcf_list_raw": [
      -92323000,
      -503885000,
      -1402478000,
      -7349059000,
      -7338548000
    ],
    "latest_revenue": 421454000.0,
    "rpo": 7474000.0,
    "eps_data": {
      "ticker": "SOFI"
    },
    "high_growth_rate_used": 0.25,
    "pv_high": 135150688.58430937,
    "pv_terminal": 965507222.1804128,
    "roe_used": 0.0,
    "fcf_floor_applied": 3370974920.0,
    "rpo_adjustment": 6060470.379815744,
    "alpha_uncapped": 0.0
  }
}