{
  "intrinsic_value_pt": 638769876.9255124,
  "intrinsic_value_per_share": 1.3258867284093354,
  "v0": 638769876.9255124,
  "alpha": 0.0,
  "future_values": {
    "1年後": 1.66,
    "2年後": 2.07,
    "3年後": 2.59
  },
  "upside_percent": -98.1,
  "calculation_date": "2026-04-09",
  "formula": "Koichi式 v5.1 Phase 4（将来価値予測版）",
  "components": {
    "fcf_5yr_avg": -101154000.0,
    "diluted_shares": 481768060,
    "roe_10yr_avg": -0.17878565797484117,
    "current_price": 69.08,
    "fcf_list_raw": [
      -52878000,
      -52878000,
      -97490000,
      -148950000,
      -153574000
    ],
    "latest_revenue": 244592000.0,
    "eps_data": {
      "ticker": "RKLB"
    },
    "high_growth_rate_used": 0.25,
    "pv_high": 78435077.6649727,
    "pv_terminal": 560334799.2605398,
    "roe_used": -0.17878565797484117,
    "fcf_floor_applied": 120721360.0
  }
}