{
  "intrinsic_value_pt": 19009657.019895468,
  "intrinsic_value_per_share": 85.71827901959006,
  "v0": 18785044.992171496,
  "v0_adjusted": 19009657.019895468,
  "alpha": 0.0,
  "alpha_was_capped": false,
  "future_values": {
    "1年後": 107.15,
    "2年後": 133.93,
    "3年後": 167.42
  },
  "upside_percent": 807.1,
  "calculation_date": "2026-04-09",
  "formula": "Koichi式 v5.2（αキャップ＋RPO補正＋データガード）",
  "components": {
    "fcf_5yr_avg": -27108303.6,
    "diluted_shares": 221769,
    "roe_10yr_avg": 0.0,
    "current_price": 9.45,
    "fcf_list_raw": [
      -7542854,
      -17819134,
      -40843976,
      -34230554,
      -35105000
    ],
    "latest_revenue": 7193000.0,
    "rpo": 277000.0,
    "eps_data": {
      "ticker": "ONDS"
    },
    "high_growth_rate_used": 0.25,
    "pv_high": 2306631.0984993316,
    "pv_terminal": 16478413.893672165,
    "roe_used": 0.0,
    "fcf_floor_applied": 27683743.6,
    "rpo_adjustment": 224612.02772397126,
    "alpha_uncapped": 0.0
  }
}