{
  "intrinsic_value_pt": 505611383.45858246,
  "intrinsic_value_per_share": 1.2348358825971792,
  "v0": 441146920.6280564,
  "v0_adjusted": 505611383.45858246,
  "alpha": 0.0,
  "alpha_was_capped": false,
  "future_values": {
    "1年後": 1.54,
    "2年後": 1.93,
    "3年後": 2.41
  },
  "upside_percent": -81.3,
  "calculation_date": "2026-04-10",
  "formula": "Koichi式 v5.2（αキャップ＋RPO補正＋データガード）",
  "components": {
    "fcf_5yr_avg": -74702271.6,
    "diluted_shares": 409456342,
    "roe_10yr_avg": 0.0,
    "current_price": 6.595,
    "fcf_list_raw": [
      -864358,
      -95348000,
      -68657000,
      -109518000,
      -99124000
    ],
    "latest_revenue": 168920000.0,
    "rpo": 79500000.0,
    "eps_data": {
      "ticker": "SOUN"
    },
    "high_growth_rate_used": 0.25,
    "pv_high": 54168792.59815197,
    "pv_terminal": 386978128.0299044,
    "roe_used": 0.0,
    "fcf_floor_applied": 88215871.6,
    "rpo_adjustment": 64464462.83052605,
    "alpha_uncapped": 0.0
  }
}