{
  "intrinsic_value_pt": -1948856085.7723963,
  "intrinsic_value_per_share": -8.500455376163446,
  "v0": -1948856085.7723963,
  "alpha": 0.0,
  "future_values": {
    "1年後": -10.63,
    "2年後": -13.28,
    "3年後": -16.6
  },
  "upside_percent": -225.2,
  "calculation_date": "2026-04-09",
  "formula": "Koichi式 v5.1 Phase 4（将来価値予測版）",
  "components": {
    "fcf_5yr_avg": -59699071.6,
    "diluted_shares": 229264904,
    "roe_10yr_avg": 0.0,
    "current_price": 6.79,
    "fcf_list_raw": [
      -864358,
      -66813000,
      -66813000,
      -95348000,
      -68657000
    ],
    "latest_revenue": 0.0,
    "eps_data": {
      "ticker": "SOUN"
    },
    "high_growth_rate_used": 0.25,
    "pv_high": -239301638.92690507,
    "pv_terminal": -1709554446.8454912,
    "roe_used": 0.0,
    "fcf_floor_applied": 0.0
  }
}