{
  "intrinsic_value_pt": -1884391622.9418702,
  "intrinsic_value_per_share": -4.602179596822243,
  "v0": -1948856085.7723963,
  "v0_adjusted": -1884391622.9418702,
  "alpha": 0.0,
  "alpha_was_capped": false,
  "future_values": {
    "1年後": -5.75,
    "2年後": -7.19,
    "3年後": -8.99
  },
  "upside_percent": -167.8,
  "calculation_date": "2026-04-09",
  "formula": "Koichi式 v5.2（αキャップ＋RPO補正＋データガード）",
  "components": {
    "fcf_5yr_avg": -59699071.6,
    "diluted_shares": 409456342,
    "roe_10yr_avg": 0.0,
    "current_price": 6.79,
    "fcf_list_raw": [
      -864358,
      -66813000,
      -66813000,
      -95348000,
      -68657000
    ],
    "latest_revenue": 0.0,
    "rpo": 79500000.0,
    "eps_data": {
      "ticker": "SOUN"
    },
    "high_growth_rate_used": 0.25,
    "pv_high": -239301638.92690507,
    "pv_terminal": -1709554446.8454912,
    "roe_used": 0.0,
    "fcf_floor_applied": 0.0,
    "rpo_adjustment": 64464462.83052605,
    "alpha_uncapped": 0.0
  }
}