{
  "intrinsic_value_pt": 2136714787.6803937,
  "intrinsic_value_per_share": 4.026486897536156,
  "v0": 638769876.9255124,
  "v0_adjusted": 2136714787.6803937,
  "alpha": 0.0,
  "alpha_was_capped": false,
  "future_values": {
    "1年後": 5.03,
    "2年後": 6.29,
    "3年後": 7.86
  },
  "upside_percent": -94.2,
  "calculation_date": "2026-04-09",
  "formula": "Koichi式 v5.2（αキャップ＋RPO補正＋データガード）",
  "components": {
    "fcf_5yr_avg": -101154000.0,
    "diluted_shares": 530664781,
    "roe_10yr_avg": 0.0,
    "current_price": 69.08,
    "fcf_list_raw": [
      -52878000,
      -52878000,
      -97490000,
      -148950000,
      -153574000
    ],
    "latest_revenue": 244592000.0,
    "rpo": 1847322000.0,
    "eps_data": {
      "ticker": "RKLB"
    },
    "high_growth_rate_used": 0.25,
    "pv_high": 78435077.6649727,
    "pv_terminal": 560334799.2605398,
    "roe_used": 0.0,
    "fcf_floor_applied": 120721360.0,
    "rpo_adjustment": 1497944910.7548811,
    "alpha_uncapped": 0.0
  }
}