{
  "intrinsic_value_pt": 638769876.9255124,
  "intrinsic_value_per_share": 1.3258867284093354,
  "v0": 638769876.9255124,
  "alpha": 0.0,
  "future_values": {
    "1年後": 1.66,
    "2年後": 2.07,
    "3年後": 2.59
  },
  "upside_percent": -98.1,
  "calculation_date": "2026-04-09",
  "formula": "Koichi式 v5.1 Phase 4（将来価値予測版）",
  "calculation_steps": {
    "step1": {
      "title": "FCF 5年平均算出",
      "description": "過去5年のFCF（営業CF - 設備投資）を平均化",
      "formula": "Σ(FCF_t) / n",
      "inputs": {
        "fcf_list": [
          -52878000,
          -52878000,
          -97490000,
          -148950000,
          -153574000
        ],
        "years": 5
      },
      "result": 19567360.0,
      "detail": {
        "input": [
          -52878000,
          -52878000,
          -97490000,
          -148950000,
          -153574000
        ],
        "sum": -505770000,
        "count": 5,
        "result": -101154000.0
      }
    },
    "step2": {
      "title": "企業別高成長率（CAGR）",
      "description": "直近5年FCFのCAGRを算出し、15%〜50%にクリップ",
      "formula": "(FCF_end / FCF_start)^(1/n) - 1",
      "inputs": {
        "method": "default",
        "result": 0.25
      },
      "result": 0.25,
      "constraints": {
        "min": 0.15,
        "max": 0.5
      }
    },
    "step3": {
      "title": "2段階DCF計算",
      "description": "高成長期3年 + ターミナル価値のDCF",
      "formula": "PV_high + PV_terminal",
      "inputs": {
        "fcf_base": 19567360.0,
        "wacc": 0.085,
        "high_growth_rate": 0.25,
        "terminal_growth": 0.03
      },
      "result": {
        "pv_high": 78435077.6649727,
        "pv_terminal": 560334799.2605398,
        "v0": 638769876.9255124
      },
      "detail": {
        "wacc": 0.085,
        "high_growth_years": 3,
        "terminal_growth": 0.03,
        "high_growth_detail": [
          {
            "year": 1,
            "fcf": 24459200.0,
            "discount_factor": 1.085,
            "pv": 22543041.47465438
          },
          {
            "year": 2,
            "fcf": 30574000.0,
            "discount_factor": 1.177225,
            "pv": 25971245.93854191
          },
          {
            "year": 3,
            "fcf": 38217500.0,
            "discount_factor": 1.2772891249999998,
            "pv": 29920790.251776397
          }
        ],
        "pv_high": 78435077.6649727,
        "terminal_fcf": 39364025.0,
        "terminal_value": 715709545.4545454,
        "pv_terminal": 560334799.2605398
      }
    },
    "step4": {
      "title": "α 成長期待プレミアム",
      "description": "α = max(0, (g_individual / WACC) × 0.7)",
      "formula": "max(0, (ROE × 内部留保率 / WACC) × 0.7)",
      "inputs": {
        "roe_10yr_avg": -0.17878565797484117,
        "retention_rate": 0.6,
        "g_individual": 0.0,
        "wacc": 0.085,
        "alpha_raw": 0.0,
        "alpha_clipped": 0.0
      },
      "result": 0.0
    },
    "step5": {
      "title": "本質的価値（P_t）算出",
      "description": "P_t = V_0 × (1 + α)",
      "formula": "V_0 × (1 + α)",
      "inputs": {
        "v0": 638769876.9255124,
        "alpha": 0.0,
        "formula": "V_0 × (1 + α)",
        "intrinsic_value_pt": 638769876.9255124,
        "diluted_shares": 481768060,
        "intrinsic_value_per_share": 1.3258867284093354
      },
      "result": 1.3258867284093354
    }
  },
  "components": {
    "fcf_5yr_avg": -101154000.0,
    "diluted_shares": 481768060,
    "roe_10yr_avg": -0.17878565797484117,
    "current_price": 69.08,
    "fcf_list_raw": [
      -52878000,
      -52878000,
      -97490000,
      -148950000,
      -153574000
    ],
    "latest_revenue": 244592000.0,
    "eps_data": {
      "ticker": "RKLB"
    },
    "high_growth_rate_used": 0.25,
    "pv_high": 78435077.6649727,
    "pv_terminal": 560334799.2605398,
    "roe_used": -0.17878565797484117,
    "fcf_floor_applied": 120721360.0
  }
}