{
  "intrinsic_value_pt": 175018211940.2524,
  "intrinsic_value_per_share": 482.6903517212392,
  "v0": 87509105970.1262,
  "v0_adjusted": 87509105970.1262,
  "alpha": 1.0,
  "alpha_was_capped": true,
  "future_values": {
    "1年後": 724.04,
    "2年後": 1086.05,
    "3年後": 1629.08
  },
  "upside_percent": 28.8,
  "calculation_date": "2026-04-10",
  "formula": "Koichi式 v5.2（αキャップ＋RPO補正＋データガード）",
  "components": {
    "fcf_5yr_avg": 1579033000.0,
    "diluted_shares": 362589000,
    "roe_10yr_avg": 1.0984085183814432,
    "current_price": 374.84,
    "fcf_list_raw": [
      360461000,
      412111000,
      1057264000,
      2094235000,
      3971094000
    ],
    "latest_revenue": 5480717000.0,
    "rpo": 0.0,
    "eps_data": {
      "ticker": "APP"
    },
    "high_growth_rate_used": 0.5,
    "pv_high": 9373262589.538998,
    "pv_terminal": 78135843380.5872,
    "roe_used": 1.0984085183814432,
    "fcf_floor_applied": 0.0,
    "rpo_adjustment": 0.0,
    "alpha_uncapped": 5.427430326120072
  }
}