{
  "MSFT": {
    "intrinsic_value_pt": 4048028.221224464,
    "intrinsic_value_per_share": 0.0005451428049023812,
    "v0": 3980371.2751267795,
    "alpha": 0.016997647058823527,
    "calculation_date": "2026-04-03",
    "formula": "Koichi\u5f0f v5.1 \u03b1\u81ea\u52d5\u8a08\u7b97\u7248",
    "components": {
      "fcf_5yr_avg": 0.0,
      "diluted_shares": 7425629000.0,
      "roe_10yr_avg": 0.00344,
      "current_price": 0.0,
      "fcf_list_raw": [],
      "eps_data": {
        "ticker": "MSFT"
      },
      "high_growth_rate_used": 0.25
    }
  }
}