{
  "intrinsic_value_pt": 251277891827.44464,
  "intrinsic_value_per_share": 66.98957393426943,
  "v0": 137312905399.63974,
  "v0_adjusted": 145762209836.04327,
  "alpha": 0.7238891487038227,
  "alpha_was_capped": false,
  "future_values": {
    "1年後": 77.04,
    "2年後": 88.59,
    "3年後": 101.88
  },
  "upside_percent": -80.7,
  "calculation_date": "2026-04-10",
  "formula": "Koichi式 v5.2（αキャップ＋RPO補正＋データガード）",
  "components": {
    "fcf_5yr_avg": 5348600000.0,
    "diluted_shares": 3751000000,
    "roe_10yr_avg": 0.14650137533291652,
    "current_price": 347.445,
    "fcf_list_raw": [
      5015000000,
      7566000000,
      4358000000,
      3584000000,
      6220000000
    ],
    "latest_revenue": 94827000000.0,
    "rpo": 10420000000.0,
    "eps_data": {
      "ticker": "TSLA"
    },
    "high_growth_rate_used": 0.15,
    "pv_high": 18046271632.313473,
    "pv_terminal": 119266633767.32626,
    "roe_used": 0.14650137533291652,
    "fcf_floor_applied": 0.0,
    "rpo_adjustment": 8449304436.40354,
    "alpha_uncapped": 0.7238891487038227
  }
}