{
  "intrinsic_value_pt": 195705533632.07153,
  "intrinsic_value_per_share": 56.156537627567154,
  "v0": 195705533632.07153,
  "alpha": 0.0,
  "future_values": {
    "1年後": 79.62,
    "2年後": 112.9,
    "3年後": 160.08
  },
  "upside_percent": -83.6,
  "calculation_date": "2026-04-09",
  "formula": "Koichi式 v5.1 Phase 4（将来価値予測版）",
  "components": {
    "fcf_5yr_avg": 4160400000.0,
    "diluted_shares": 3485000000,
    "roe_10yr_avg": -0.08183242206594875,
    "current_price": 343.25,
    "fcf_list_raw": [
      1078000000,
      2786000000,
      5015000000,
      7566000000,
      4357000000
    ],
    "latest_revenue": 96773000000.0,
    "eps_data": {
      "ticker": "TSLA"
    },
    "high_growth_rate_used": 0.41788889065629453,
    "pv_high": 21826584146.380737,
    "pv_terminal": 173878949485.6908,
    "roe_used": -0.08183242206594875,
    "fcf_floor_applied": 0.0
  }
}