{
  "intrinsic_value_pt": 14618071249.316734,
  "intrinsic_value_per_share": 56.900466510384085,
  "v0": 7309035624.658367,
  "v0_adjusted": 7309035624.658367,
  "alpha": 1.0,
  "alpha_was_capped": true,
  "future_values": {
    "1年後": 84.17,
    "2年後": 124.5,
    "3年後": 184.15
  },
  "upside_percent": 58.7,
  "calculation_date": "2026-04-10",
  "formula": "Koichi式 v5.2（αキャップ＋RPO補正＋データガード）",
  "components": {
    "fcf_5yr_avg": 137369861.2,
    "diluted_shares": 256906000,
    "roe_10yr_avg": 0.4377082903943001,
    "current_price": 35.86,
    "fcf_list_raw": [
      -99736694,
      99918000,
      123785000,
      239508000,
      323375000
    ],
    "latest_revenue": 2515269000.0,
    "rpo": 0.0,
    "eps_data": {
      "ticker": "CELH"
    },
    "high_growth_rate_used": 0.4791795810815356,
    "pv_high": 790658407.6636108,
    "pv_terminal": 6518377216.994757,
    "roe_used": 0.4377082903943001,
    "fcf_floor_applied": 0.0,
    "rpo_adjustment": 0.0,
    "alpha_uncapped": 2.1627939054777174
  }
}