{
  "intrinsic_value_pt": 7516328702.510207,
  "intrinsic_value_per_share": 3.2709170928885936,
  "v0": 7516328702.510207,
  "alpha": 0.0,
  "future_values": {
    "1年後": 4.82,
    "2年後": 7.1,
    "3年後": 10.46
  },
  "upside_percent": -97.7,
  "calculation_date": "2026-04-09",
  "formula": "Koichi式 v5.1 Phase 4（将来価値予測版）",
  "components": {
    "fcf_5yr_avg": 142969600.0,
    "diluted_shares": 2297927000,
    "roe_10yr_avg": -0.089479046482147,
    "current_price": 140.76,
    "fcf_list_raw": [
      -178311000,
      -308844000,
      321224000,
      183710000,
      697069000
    ],
    "latest_revenue": 2225012000.0,
    "eps_data": {
      "ticker": "PLTR"
    },
    "high_growth_rate_used": 0.4731056381516179,
    "pv_high": 815466332.9347999,
    "pv_terminal": 6700862369.575407,
    "roe_used": -0.089479046482147,
    "fcf_floor_applied": 0.0
  }
}