{
  "intrinsic_value_pt": 13087372685.804476,
  "intrinsic_value_per_share": 5.101897704466548,
  "v0": 7516328702.510207,
  "v0_adjusted": 10840911062.3235,
  "alpha": 0.20722074100287838,
  "alpha_was_capped": false,
  "future_values": {
    "1年後": 7.52,
    "2年後": 11.07,
    "3年後": 16.31
  },
  "upside_percent": -96.4,
  "calculation_date": "2026-04-09",
  "formula": "Koichi式 v5.2（αキャップ＋RPO補正＋データガード）",
  "components": {
    "fcf_5yr_avg": 142969600.0,
    "diluted_shares": 2565197000,
    "roe_10yr_avg": 0.0419375309172492,
    "current_price": 140.76,
    "fcf_list_raw": [
      -178311000,
      -308844000,
      321224000,
      183710000,
      697069000
    ],
    "latest_revenue": 2225012000.0,
    "rpo": 4100000000.0,
    "eps_data": {
      "ticker": "PLTR"
    },
    "high_growth_rate_used": 0.4731056381516179,
    "pv_high": 815466332.9347999,
    "pv_terminal": 6700862369.575407,
    "roe_used": 0.0419375309172492,
    "fcf_floor_applied": 0.0,
    "rpo_adjustment": 3324582359.813293,
    "alpha_uncapped": 0.20722074100287838
  }
}