{
  "intrinsic_value_pt": 30919445134.974403,
  "intrinsic_value_per_share": 85.27408480393615,
  "v0": 24925752376.37047,
  "alpha": 0.24046185920894947,
  "future_values": {
    "1年後": 127.91,
    "2年後": 191.87,
    "3年後": 287.8
  },
  "upside_percent": -78.2,
  "calculation_date": "2026-04-09",
  "formula": "Koichi式 v5.1 Phase 4（将来価値予測版）",
  "components": {
    "fcf_5yr_avg": 449765600.0,
    "diluted_shares": 362589000,
    "roe_10yr_avg": 0.04866490007800169,
    "current_price": 391.2,
    "fcf_list_raw": [
      195104000,
      219642000,
      360461000,
      412111000,
      1061510000
    ],
    "latest_revenue": 1841762000.0,
    "eps_data": {
      "ticker": "APP"
    },
    "high_growth_rate_used": 0.5,
    "pv_high": 2669843551.4277163,
    "pv_terminal": 22255908824.942753,
    "roe_used": 0.04866490007800169,
    "fcf_floor_applied": 0.0
  }
}