{
  "intrinsic_value_pt": 48016078909.73585,
  "intrinsic_value_per_share": 132.42563593968887,
  "v0": 24925752376.37047,
  "v0_adjusted": 24925752376.37047,
  "alpha": 0.9263642751765012,
  "alpha_was_capped": false,
  "future_values": {
    "1年後": 198.64,
    "2年後": 297.96,
    "3年後": 446.94
  },
  "upside_percent": -66.1,
  "calculation_date": "2026-04-09",
  "formula": "Koichi式 v5.2（αキャップ＋RPO補正＋データガード）",
  "components": {
    "fcf_5yr_avg": 449765600.0,
    "diluted_shares": 362589000,
    "roe_10yr_avg": 0.187478484261911,
    "current_price": 391.2,
    "fcf_list_raw": [
      195104000,
      219642000,
      360461000,
      412111000,
      1061510000
    ],
    "latest_revenue": 1841762000.0,
    "rpo": 0.0,
    "eps_data": {
      "ticker": "APP"
    },
    "high_growth_rate_used": 0.5,
    "pv_high": 2669843551.4277163,
    "pv_terminal": 22255908824.942753,
    "roe_used": 0.187478484261911,
    "fcf_floor_applied": 0.0,
    "rpo_adjustment": 0.0,
    "alpha_uncapped": 0.9263642751765012
  }
}