{
  "intrinsic_value_pt": 1100657910.764722,
  "intrinsic_value_per_share": 1.1646877865162388,
  "v0": 1100657910.764722,
  "alpha": 0.0,
  "future_values": {
    "1年後": 1.46,
    "2年後": 1.82,
    "3年後": 2.27
  },
  "upside_percent": -92.9,
  "calculation_date": "2026-04-09",
  "formula": "Koichi式 v5.1 Phase 4（将来価値予測版）",
  "components": {
    "fcf_5yr_avg": -3337258600.0,
    "diluted_shares": 945024000,
    "roe_10yr_avg": -0.0654709743300172,
    "current_price": 16.49,
    "fcf_list_raw": [
      -92323000,
      -503885000,
      -1402478000,
      -7349059000,
      -7338548000
    ],
    "latest_revenue": 421454000.0,
    "eps_data": {
      "ticker": "SOFI"
    },
    "high_growth_rate_used": 0.25,
    "pv_high": 135150688.58430937,
    "pv_terminal": 965507222.1804128,
    "roe_used": -0.0654709743300172,
    "fcf_floor_applied": 3370974920.0
  }
}