{
  "intrinsic_value_pt": 84858079285.87325,
  "intrinsic_value_per_share": 33.08053115837624,
  "v0": 49254848104.84595,
  "v0_adjusted": 52579430464.65924,
  "alpha": 0.6139025952917042,
  "alpha_was_capped": false,
  "future_values": {
    "1年後": 49.62,
    "2年後": 74.43,
    "3年後": 111.65
  },
  "upside_percent": -73.4,
  "calculation_date": "2026-04-10",
  "formula": "Koichi式 v5.2（αキャップ＋RPO補正＋データガード）",
  "components": {
    "fcf_5yr_avg": 888765000.0,
    "diluted_shares": 2565197000,
    "roe_10yr_avg": 0.12424219190427348,
    "current_price": 124.3,
    "fcf_list_raw": [
      321224000,
      183710000,
      697069000,
      1141231000,
      2100591000
    ],
    "latest_revenue": 4475446000.0,
    "rpo": 4100000000.0,
    "eps_data": {
      "ticker": "PLTR"
    },
    "high_growth_rate_used": 0.5,
    "pv_high": 5275778103.048908,
    "pv_terminal": 43979070001.79704,
    "roe_used": 0.12424219190427348,
    "fcf_floor_applied": 0.0,
    "rpo_adjustment": 3324582359.813293,
    "alpha_uncapped": 0.6139025952917042
  }
}