{
  "intrinsic_value_pt": -1948856085.7723963,
  "intrinsic_value_per_share": -8.500455376163446,
  "v0": -1948856085.7723963,
  "alpha": 0.0,
  "future_values": {
    "1年後": -10.63,
    "2年後": -13.28,
    "3年後": -16.6
  },
  "upside_percent": -225.2,
  "calculation_date": "2026-04-09",
  "formula": "Koichi式 v5.1 Phase 4（将来価値予測版）",
  "calculation_steps": {
    "step1": {
      "title": "FCF 5年平均算出",
      "description": "過去5年のFCF（営業CF - 設備投資）を平均化",
      "formula": "Σ(FCF_t) / n",
      "inputs": {
        "fcf_list": [
          -864358,
          -66813000,
          -66813000,
          -95348000,
          -68657000
        ],
        "years": 5
      },
      "result": -59699071.6,
      "detail": {
        "input": [
          -864358,
          -66813000,
          -66813000,
          -95348000,
          -68657000
        ],
        "sum": -298495358,
        "count": 5,
        "result": -59699071.6
      }
    },
    "step2": {
      "title": "企業別高成長率（CAGR）",
      "description": "直近5年FCFのCAGRを算出し、15%〜50%にクリップ",
      "formula": "(FCF_end / FCF_start)^(1/n) - 1",
      "inputs": {
        "method": "default",
        "result": 0.25
      },
      "result": 0.25,
      "constraints": {
        "min": 0.15,
        "max": 0.5
      }
    },
    "step3": {
      "title": "2段階DCF計算",
      "description": "高成長期3年 + ターミナル価値のDCF",
      "formula": "PV_high + PV_terminal",
      "inputs": {
        "fcf_base": -59699071.6,
        "wacc": 0.085,
        "high_growth_rate": 0.25,
        "terminal_growth": 0.03
      },
      "result": {
        "pv_high": -239301638.92690507,
        "pv_terminal": -1709554446.8454912,
        "v0": -1948856085.7723963
      },
      "detail": {
        "wacc": 0.085,
        "high_growth_years": 3,
        "terminal_growth": 0.03,
        "high_growth_detail": [
          {
            "year": 1,
            "fcf": -74623839.5,
            "discount_factor": 1.085,
            "pv": -68777732.25806452
          },
          {
            "year": 2,
            "fcf": -93279799.375,
            "discount_factor": 1.177225,
            "pv": -79237018.73048908
          },
          {
            "year": 3,
            "fcf": -116599749.21875,
            "discount_factor": 1.2772891249999998,
            "pv": -91286887.93835148
          }
        ],
        "pv_high": -239301638.92690507,
        "terminal_fcf": -120097741.6953125,
        "terminal_value": -2183595303.551136,
        "pv_terminal": -1709554446.8454912
      }
    },
    "step4": {
      "title": "α 成長期待プレミアム",
      "description": "α = max(0, (g_individual / WACC) × 0.7)",
      "formula": "max(0, (ROE × 内部留保率 / WACC) × 0.7)",
      "inputs": {
        "roe_10yr_avg": 0.0,
        "retention_rate": 0.6,
        "g_individual": 0.0,
        "wacc": 0.085,
        "alpha_raw": 0.0,
        "alpha_clipped": 0.0
      },
      "result": 0.0
    },
    "step5": {
      "title": "本質的価値（P_t）算出",
      "description": "P_t = V_0 × (1 + α)",
      "formula": "V_0 × (1 + α)",
      "inputs": {
        "v0": -1948856085.7723963,
        "alpha": 0.0,
        "formula": "V_0 × (1 + α)",
        "intrinsic_value_pt": -1948856085.7723963,
        "diluted_shares": 229264904,
        "intrinsic_value_per_share": -8.500455376163446
      },
      "result": -8.500455376163446
    }
  },
  "components": {
    "fcf_5yr_avg": -59699071.6,
    "diluted_shares": 229264904,
    "roe_10yr_avg": 0.0,
    "current_price": 6.79,
    "fcf_list_raw": [
      -864358,
      -66813000,
      -66813000,
      -95348000,
      -68657000
    ],
    "latest_revenue": 0.0,
    "eps_data": {
      "ticker": "SOUN"
    },
    "high_growth_rate_used": 0.25,
    "pv_high": -239301638.92690507,
    "pv_terminal": -1709554446.8454912,
    "roe_used": 0.0,
    "fcf_floor_applied": 0.0
  }
}