{
  "intrinsic_value_pt": 3429359845413.13,
  "intrinsic_value_per_share": 316.7414653563434,
  "v0": 1714679922706.565,
  "v0_adjusted": 1714679922706.565,
  "alpha": 1.0,
  "alpha_was_capped": true,
  "future_values": {
    "1年後": 386.0,
    "2年後": 470.4,
    "3年後": 573.26
  },
  "upside_percent": 43.2,
  "calculation_date": "2026-04-09",
  "formula": "Koichi式 v5.2（αキャップ＋RPO補正＋データガード）",
  "components": {
    "fcf_5yr_avg": 56520600000.0,
    "diluted_shares": 10827000000,
    "roe_10yr_avg": 0.20832905377183433,
    "current_price": 221.25,
    "fcf_list_raw": [
      38514000000,
      66064000000,
      46327000000,
      46752000000,
      84946000000
    ],
    "latest_revenue": 574785000000.0,
    "rpo": 0.0,
    "eps_data": {
      "ticker": "AMZN"
    },
    "high_growth_rate_used": 0.21865584776828095,
    "pv_high": 214873135623.01624,
    "pv_terminal": 1499806787083.5486,
    "roe_used": 0.20832905377183433,
    "fcf_floor_applied": 0.0,
    "rpo_adjustment": 0.0,
    "alpha_uncapped": 1.0293906186372987
  }
}