{
  "intrinsic_value_pt": 440323176023.17706,
  "intrinsic_value_per_share": 40.66899196667379,
  "v0": 211393995745.00122,
  "v0_adjusted": 231665839402.39935,
  "alpha": 0.9006823671501419,
  "alpha_was_capped": false,
  "future_values": {
    "1年後": 46.77,
    "2年後": 53.78,
    "3年後": 61.85
  },
  "upside_percent": -82.9,
  "calculation_date": "2026-04-10",
  "formula": "Koichi式 v5.2（αキャップ＋RPO補正＋データガード）",
  "components": {
    "fcf_5yr_avg": 8234200000.0,
    "diluted_shares": 10827000000,
    "roe_10yr_avg": 0.18228095525657637,
    "current_price": 237.15,
    "fcf_list_raw": [
      -14726000000,
      -16893000000,
      32217000000,
      32878000000,
      7695000000
    ],
    "latest_revenue": 716924000000.0,
    "rpo": 25000000000.0,
    "eps_data": {
      "ticker": "AMZN"
    },
    "high_growth_rate_used": 0.15,
    "pv_high": 27782337410.68609,
    "pv_terminal": 183611658334.31512,
    "roe_used": 0.18228095525657637,
    "fcf_floor_applied": 0.0,
    "rpo_adjustment": 20271843657.39813,
    "alpha_uncapped": 0.9006823671501419
  }
}