{
  "intrinsic_value_pt": 3311210572147.898,
  "intrinsic_value_per_share": 315.5938402733414,
  "v0": 1714679922706.565,
  "alpha": 0.93109543553835,
  "future_values": {
    "1年後": 384.6,
    "2年後": 468.7,
    "3年後": 571.18
  },
  "upside_percent": 42.6,
  "calculation_date": "2026-04-09",
  "formula": "Koichi式 v5.1 Phase 4（将来価値予測版）",
  "components": {
    "fcf_5yr_avg": 56520600000.0,
    "diluted_shares": 10492000000,
    "roe_10yr_avg": 0.18843598100180894,
    "current_price": 221.25,
    "fcf_list_raw": [
      38514000000,
      66064000000,
      46327000000,
      46752000000,
      84946000000
    ],
    "latest_revenue": 574785000000.0,
    "eps_data": {
      "ticker": "AMZN"
    },
    "high_growth_rate_used": 0.21865584776828095,
    "pv_high": 214873135623.01624,
    "pv_terminal": 1499806787083.5486,
    "roe_used": 0.18843598100180894,
    "fcf_floor_applied": 0.0
  }
}